Record Length,1024,Points,0.0,2.2308993,
Sample Interval,49.32133865,Hz,49.32133865,4.63089943,
Trigger Point,0.0,Samples,98.642677307,-1.7691007,
,,,147.9640198,-58.569103241,
,,,197.28535461,-55.369102478,
,,,246.60668945,-60.969100952,
Source,MATH,,295.92803955,-60.969100952,
Vertical Units,dB,,345.24935913,-58.569103241,
Vertical Scale,10.0000001,,394.57070923,-54.56910324,
Vertical Offset,-20,9691,,443.892059326,-52.56910324,
Horizontal Units,Hz,,493.213378906,-54.56910324,
Horizontal Scale,5.05050532E3,,542.534729004,-58.569103241,
Pt Fmt,Y,,591.856079102,-55.369102478,
Yzero,0.0,,641.177429199,-58.569103241,
,,,690.498718262,-60.969100952,
,,,739.820068359,-60.969100952,
Note,TDS 1012B - 11:47:58 a. m.   29/07/2026,,789.141418457,-58.569103241,
,,,838.462768555,-60.969100952,
,,,887.784118652,-43.76910019,
,,,937.105407715,-34.16910172,
,,,986.426757813,-32.56909943,
,,,1.0357482E3,-32.96910095,
,,,1.0850695E3,-37.36910248,
,,,1.1343908E3,-58.569103241,
,,,1.1837122E3,-60.969100952,
,,,1.2330335E3,-60.969100952,
,,,1.2823549E3,-60.969100952,
,,,1.3316762E3,-60.969100952,
,,,1.3809975E3,-60.969100952,
,,,1.4303189E3,-54.56910324,
,,,1.4796402E3,-58.569103241,
,,,1.5289616E3,-55.369102478,
,,,1.5782829E3,-54.56910324,
,,,1.6276042E3,-54.56910324,
,,,1.6769256E3,-48.96910095,
,,,1.7262469E3,-48.96910095,
,,,1.7755683E3,-39.76910019,
,,,1.8248896E3,-32.16910172,
,,,1.8742109E3,-16.5691013,
,,,1.9235323E3,-1.7691007,
,,,1.9728536E3,1.0308994,
,,,2.0221750E3,1.0308994,
,,,2.0714964E3,-969.100654125E-3,
,,,2.1208177E3,-13.7691011,
,,,2.1701390E3,-30.56910133,
,,,2.2194603E3,-39.76910019,
,,,2.2687816E3,-45.76910019,
,,,2.3181031E3,-54.56910324,
,,,2.3674244E3,-51.76910019,
,,,2.4167457E3,-60.969100952,
,,,2.4660670E3,-58.569103241,
,,,2.5153883E3,-60.969100952,
,,,2.5647098E3,-60.969100952,
,,,2.6140311E3,-60.969100952,
,,,2.6633524E3,-58.569103241,
,,,2.7126737E3,-58.569103241,
,,,2.76199500E3,-55.369102478,
,,,2.81131654E3,-58.569103241,
,,,2.86063783E3,-55.369102478,
,,,2.90995912E3,-37.36910248,
,,,2.95928041E3,-32.56909943,
,,,3.00860171E3,-32.56909943,
,,,3.05792324E3,-33.76910019,
,,,3.10724453E3,-43.76910019,
,,,3.15656582E3,-55.369102478,
,,,3.20588712E3,-54.56910324,
,,,3.25520841E3,-54.56910324,
,,,3.30452994E3,-60.969100952,
,,,3.35385123E3,-60.969100952,
,,,3.40317252E3,-60.969100952,
,,,3.45249382E3,-60.969100952,
,,,3.50181511E3,-55.369102478,
,,,3.55113664E3,-60.969100952,
,,,3.60045793E3,-60.969100952,
,,,3.64977923E3,-60.969100952,
,,,3.69910052E3,-58.569103241,
,,,3.74842181E3,-60.969100952,
,,,3.79774334E3,-60.969100952,
,,,3.84706464E3,-60.969100952,
,,,3.89638593E3,-44.56909943,
,,,3.94570722E3,-36.16910172,
,,,3.99502851E3,-34.96910095,
,,,4.04435005E3,-34.96910095,
,,,4.09367134E3,-40.56909943,
,,,4.14299287E3,-58.569103241,
,,,4.19231416E3,-60.969100952,
,,,4.24163546E3,-55.369102478,
,,,4.29095675E3,-54.56910324,
,,,4.34027804E3,-58.569103241,
,,,4.38959933E3,-54.56910324,
,,,4.43892062E3,-60.969100952,
,,,4.48824191E3,-60.969100952,
,,,4.53756320E3,-60.969100952,
,,,4.58688450E3,-60.969100952,
,,,4.63620627E3,-60.969100952,
,,,4.68552757E3,-60.969100952,
,,,4.73484886E3,-58.569103241,
,,,4.78417015E3,-60.969100952,
,,,4.83349144E3,-58.569103241,
,,,4.88281273E3,-45.36910248,
,,,4.93213402E3,-34.16910172,
,,,4.98145531E3,-32.56909943,
,,,5.03077661E3,-32.56909943,
,,,5.08009790E3,-35.36910248,
,,,5.12941968E3,-52.56910324,
,,,5.17874097E3,-60.969100952,
,,,5.22806226E3,-60.969100952,
,,,5.27738355E3,-60.969100952,
,,,5.32670484E3,-60.969100952,
,,,5.37602613E3,-60.969100952,
,,,5.42534743E3,-60.969100952,
,,,5.47466872E3,-60.969100952,
,,,5.52399001E3,-60.969100952,
,,,5.57331130E3,-55.369102478,
,,,5.62263308E3,-60.969100952,
,,,5.67195437E3,-60.969100952,
,,,5.72127566E3,-51.36910248,
,,,5.77059695E3,-54.56910324,
,,,5.81991825E3,-42.96910095,
,,,5.86923954E3,-29.36910057,
,,,5.91856083E3,-12.1691008,
,,,5.96788212E3,-8.569100380,
,,,6.01720341E3,-8.569100380,
,,,6.06652470E3,-10.1691008,
,,,6.11584648E3,-20.96910095,
,,,6.16516777E3,-38.96910095,
,,,6.21448906E3,-54.56910324,
,,,6.26381036E3,-49.36910248,
,,,6.31313165E3,-60.969100952,
,,,6.36245294E3,-55.369102478,
,,,6.41177423E3,-60.969100952,
,,,6.46109552E3,-54.56910324,
,,,6.51041681E3,-54.56910324,
,,,6.55973859E3,-60.969100952,
,,,6.60905988E3,-60.969100952,
,,,6.65838118E3,-60.969100952,
,,,6.70770247E3,-60.969100952,
,,,6.75702376E3,-60.969100952,
,,,6.80634505E3,-60.969100952,
,,,6.85566634E3,-60.969100952,
,,,6.90498763E3,-38.56909943,
,,,6.95430892E3,-32.16910172,
,,,7.00363022E3,-31.36910057,
,,,7.05295200E3,-32.16910172,
,,,7.10227329E3,-38.96910095,
,,,7.15159458E3,-60.969100952,
,,,7.20091587E3,-60.969100952,
,,,7.25023716E3,-51.76910019,
,,,7.29955845E3,-55.369102478,
,,,7.34887974E3,-58.569103241,
,,,7.398201035E3,-60.969100952,
,,,7.447522326E3,-60.969100952,
,,,7.496843618E3,-60.969100952,
,,,7.546165397E3,-60.969100952,
,,,7.595486689E3,-60.969100952,
,,,7.644807980E3,-60.969100952,
,,,7.694129272E3,-60.969100952,
,,,7.743450563E3,-60.969100952,
,,,7.792771855E3,-60.969100952,
,,,7.842093146E3,-60.969100952,
,,,7.891414437E3,-45.76910019,
,,,7.940735729E3,-36.16910172,
,,,7.990057020E3,-34.96910095,
,,,8.039378800E3,-35.36910248,
,,,8.088700091E3,-39.76910019,
,,,8.138021383E3,-54.56910324,
,,,8.187342674E3,-55.369102478,
,,,8.236663477E3,-58.569103241,
,,,8.285985745E3,-60.969100952,
,,,8.335307037E3,-54.56910324,
,,,8.384628328E3,-58.569103241,
,,,8.433949619E3,-60.969100952,
,,,8.483270911E3,-60.969100952,
,,,8.532592202E3,-60.969100952,
,,,8.581913494E3,-60.969100952,
,,,8.631234785E3,-60.969100952,
,,,8.680556076E3,-60.969100952,
,,,8.729877368E3,-60.969100952,
,,,8.779198659E3,-60.969100952,
,,,8.828519951E3,-60.969100952,
,,,8.877841242E3,-48.56910324,
,,,8.927162533E3,-34.56909943,
,,,8.976483825E3,-32.16910172,
,,,9.025805116E3,-32.16910172,
,,,9.075126408E3,-34.96910095,
,,,9.124447699E3,-47.36910248,
,,,9.173768990E3,-60.969100952,
,,,9.223090282E3,-60.969100952,
,,,9.272412550E3,-60.969100952,
,,,9.321733841E3,-60.969100952,
,,,9.371055133E3,-60.969100952,
,,,9.420376424E3,-60.969100952,
,,,9.469697715E3,-60.969100952,
,,,9.519019007E3,-60.969100952,
,,,9.568340298E3,-60.969100952,
,,,9.617661590E3,-60.969100952,
,,,9.666982881E3,-60.969100952,
,,,9.716304172E3,-58.569103241,
,,,9.765625464E3,-60.969100952,
,,,9.814946755E3,-51.36910248,
,,,9.864268047E3,-37.76910019,
,,,9.913589338E3,-17.3691006,
,,,9.962910629E3,-12.9691010,
,,,10.0122319E3,-12.9691010,
,,,10.0615532E3,-14.1691008,
,,,10.1108745E3,-23.36910057,
,,,10.1601958E3,-47.36910248,
,,,10.2095181E3,-54.56910324,
,,,10.2588394E3,-54.56910324,
,,,10.3081606E3,-60.969100952,
,,,10.3574819E3,-58.569103241,
,,,10.4068032E3,-60.969100952,
,,,10.4561245E3,-60.969100952,
,,,10.5054458E3,-60.969100952,
,,,10.5547671E3,-60.969100952,
,,,10.6040884E3,-60.969100952,
,,,10.6534097E3,-60.969100952,
,,,10.7027310E3,-60.969100952,
,,,10.7520523E3,-58.569103241,
,,,10.8013736E3,-60.969100952,
,,,10.8506949E3,-58.569103241,
,,,10.9000161E3,-39.36910248,
,,,10.9493374E3,-31.76910019,
,,,10.9986587E3,-30.96910095,
,,,11.0479800E3,-31.36910057,
,,,11.0973013E3,-37.36910248,
,,,11.1466226E3,-60.969100952,
,,,11.1959449E3,-60.969100952,
,,,11.2452662E3,-60.969100952,
,,,11.2945875E3,-54.56910324,
,,,11.3439087E3,-52.56910324,
,,,11.3932300E3,-52.56910324,
,,,11.4425513E3,-54.56910324,
,,,11.4918726E3,-60.969100952,
,,,11.5411939E3,-60.969100952,
,,,11.5905152E3,-60.969100952,
,,,11.6398365E3,-60.969100952,
,,,11.6891578E3,-60.969100952,
,,,11.7384791E3,-60.969100952,
,,,11.7878004E3,-60.969100952,
,,,11.8371217E3,-58.569103241,
,,,11.8864429E3,-45.76910019,
,,,11.9357642E3,-36.96910095,
,,,11.9850855E3,-35.36910248,
,,,12.0344068E3,-35.76910019,
,,,12.0837281E3,-39.76910019,
,,,12.1330494E3,-58.569103241,
,,,12.1823717E3,-55.369102478,
,,,12.2316930E3,-58.569103241,
,,,12.2810143E3,-58.569103241,
,,,12.3303355E3,-58.569103241,
,,,12.3796568E3,-60.969100952,
,,,12.4289781E3,-60.969100952,
,,,12.4782994E3,-58.569103241,
,,,12.5276207E3,-58.569103241,
,,,12.5769420E3,-60.969100952,
,,,12.6262633E3,-58.569103241,
,,,12.6755846E3,-60.969100952,
,,,12.7249059E3,-58.569103241,
,,,12.7742272E3,-58.569103241,
,,,12.8235485E3,-60.969100952,
,,,12.8728698E3,-48.96910095,
,,,12.9221910E3,-36.56909943,
,,,12.9715123E3,-33.36910248,
,,,13.0208336E3,-33.36910248,
,,,13.0701549E3,-35.76910019,
,,,13.1194772E3,-51.36910248,
,,,13.1687985E3,-54.56910324,
,,,13.2181198E3,-60.969100952,
,,,13.2674411E3,-60.969100952,
,,,13.3167624E3,-60.969100952,
,,,13.3660836E3,-54.56910324,
,,,13.4154049E3,-55.369102478,
,,,13.4647262E3,-54.56910324,
,,,13.5140475E3,-60.969100952,
,,,13.5633688E3,-60.969100952,
,,,13.6126901E3,-60.969100952,
,,,13.6620114E3,-60.969100952,
,,,13.7113327E3,-60.969100952,
,,,13.7606540E3,-60.969100952,
,,,13.8099753E3,-60.969100952,
,,,13.8592966E3,-47.36910248,
,,,13.9086178E3,-21.36910057,
,,,13.9579391E3,-16.1691017,
,,,14.0072604E3,-15.7691011,
,,,14.0565817E3,-16.5691013,
,,,14.1059040E3,-24.56910133,
,,,14.1552253E3,-55.369102478,
,,,14.2045466E3,-54.56910324,
,,,14.2538679E3,-60.969100952,
,,,14.3031892E3,-58.569103241,
,,,14.3525104E3,-60.969100952,
,,,14.4018317E3,-60.969100952,
,,,14.4511530E3,-54.56910324,
,,,14.5004743E3,-54.56910324,
,,,14.5497956E3,-60.969100952,
,,,14.5991169E3,-60.969100952,
,,,14.6484382E3,-58.569103241,
,,,14.6977595E3,-60.969100952,
,,,14.7470808E3,-60.969100952,
,,,14.7964021E3,-60.969100952,
,,,14.8457234E3,-58.569103241,
,,,14.8950447E3,-39.76910019,
,,,14.9443659E3,-31.76910019,
,,,14.9936872E3,-30.96910095,
,,,15.0430085E3,-31.76910019,
,,,15.0923308E3,-36.56909943,
,,,15.1416521E3,-60.969100952,
,,,15.1909734E3,-60.969100952,
,,,15.2402947E3,-58.569103241,
,,,15.2896160E3,-60.969100952,
,,,15.3389373E3,-60.969100952,
,,,15.3882585E3,-60.969100952,
,,,15.4375798E3,-58.569103241,
,,,15.4869011E3,-58.569103241,
,,,15.5362224E3,-58.569103241,
,,,15.5855437E3,-54.56910324,
,,,15.6348650E3,-55.369102478,
,,,15.6841863E3,-58.569103241,
,,,15.7335076E3,-58.569103241,
,,,15.7828289E3,-60.969100952,
,,,15.8321502E3,-60.969100952,
,,,15.8814715E3,-48.96910095,
,,,15.9307927E3,-36.96910095,
,,,15.9801140E3,-34.96910095,
,,,16.0294363E3,-35.36910248,
,,,16.0787576E3,-37.76910019,
,,,16.1280789E3,-51.36910248,
,,,16.1774002E3,-60.969100952,
,,,16.2267215E3,-60.969100952,
,,,16.2760428E3,-60.969100952,
,,,16.3253641E3,-60.969100952,
,,,16.3746853E3,-60.969100952,
,,,16.4240066E3,-60.969100952,
,,,16.4733270E3,-60.969100952,
,,,16.5226492E3,-60.969100952,
,,,16.5719715E3,-60.969100952,
,,,16.6212918E3,-60.969100952,
,,,16.6706141E3,-58.569103241,
,,,16.7199344E3,-60.969100952,
,,,16.7692567E3,-60.969100952,
,,,16.8185770E3,-60.969100952,
,,,16.8678992E3,-52.56910324,
,,,16.9172196E3,-36.96910095,
,,,16.9665418E3,-33.36910248,
,,,17.0158621E3,-33.36910248,
,,,17.0651844E3,-34.96910095,
,,,17.1145047E3,-44.56909943,
,,,17.1638270E3,-58.569103241,
,,,17.2131473E3,-60.969100952,
,,,17.2624696E3,-60.969100952,
,,,17.3117899E3,-60.969100952,
,,,17.3611122E3,-60.969100952,
,,,17.4104325E3,-58.569103241,
,,,17.4597547E3,-60.969100952,
,,,17.5090770E3,-60.969100952,
,,,17.5583973E3,-60.969100952,
,,,17.6077196E3,-55.369102478,
,,,17.6570399E3,-60.969100952,
,,,17.7063622E3,-60.969100952,
,,,17.7556825E3,-60.969100952,
,,,17.8050048E3,-60.969100952,
,,,17.8543251E3,-60.969100952,
,,,17.9036473E3,-24.96910095,
,,,17.9529676E3,-18.5691013,
,,,18.0022899E3,-18.1691017,
,,,18.0516102E3,-18.5691013,
,,,18.1009325E3,-25.36910057,
,,,18.1502528E3,-60.969100952,
,,,18.1995751E3,-58.569103241,
,,,18.2488954E3,-54.56910324,
,,,18.2982177E3,-54.56910324,
,,,18.3475380E3,-58.569103241,
,,,18.3968602E3,-60.969100952,
,,,18.4461806E3,-60.969100952,
,,,18.4955028E3,-54.56910324,
,,,18.5448251E3,-58.569103241,
,,,18.5941454E3,-60.969100952,
,,,18.6434677E3,-54.56910324,
,,,18.6927880E3,-60.969100952,
,,,18.7421103E3,-60.969100952,
,,,18.7914306E3,-58.569103241,
,,,18.8407528E3,-60.969100952,
,,,18.8900732E3,-41.76910019,
,,,18.9393954E3,-32.16910172,
,,,18.9887157E3,-30.96910095,
,,,19.0380380E3,-30.56910133,
,,,19.0873583E3,-34.56909943,
,,,19.1366806E3,-54.56910324,
,,,19.1860009E3,-58.569103241,
,,,19.2353232E3,-60.969100952,
,,,19.2846435E3,-60.969100952,
,,,19.3339658E3,-60.969100952,
,,,19.3832861E3,-60.969100952,
,,,19.4326083E3,-60.969100952,
,,,19.4819306E3,-60.969100952,
,,,19.5312509E3,-60.969100952,
,,,19.5805732E3,-60.969100952,
,,,19.6298935E3,-58.569103241,
,,,19.6792158E3,-58.569103241,
,,,19.7285361E3,-58.569103241,
,,,19.7778584E3,-58.569103241,
,,,19.8271787E3,-54.56910324,
,,,19.8765009E3,-55.369102478,
,,,19.9258213E3,-37.76910019,
,,,19.9751435E3,-34.96910095,
,,,20.0244638E3,-34.56909943,
,,,20.0737861E3,-36.96910095,
,,,20.12310642E3,-47.36910248,
,,,20.17242869E3,-60.969100952,
,,,20.22174901E3,-58.569103241,
,,,20.27107128E3,-60.969100952,
,,,20.32039159E3,-60.969100952,
,,,20.36971386E3,-60.969100952,
,,,20.41903613E3,-60.969100952,
,,,20.46835644E3,-60.969100952,
,,,20.51767871E3,-60.969100952,
,,,20.56699902E3,-60.969100952,
,,,20.61632129E3,-60.969100952,
,,,20.66564161E3,-60.969100952,
,,,20.71496387E3,-60.969100952,
,,,20.76428419E3,-60.969100952,
,,,20.81360646E3,-60.969100952,
,,,20.86292677E3,-60.969100952,
,,,20.91224904E3,-37.76910019,
,,,20.96156935E3,-33.76910019,
,,,21.01089162E3,-33.76910019,
,,,21.06021194E3,-34.96910095,
,,,21.10953421E3,-43.76910019,
,,,21.15885452E3,-60.969100952,
,,,21.20817679E3,-60.969100952,
,,,21.25749710E3,-58.569103241,
,,,21.30681937E3,-60.969100952,
,,,21.35613969E3,-60.969100952,
,,,21.40546195E3,-60.969100952,
,,,21.45478422E3,-60.969100952,
,,,21.50410454E3,-58.569103241,
,,,21.55342680E3,-58.569103241,
,,,21.60274712E3,-58.569103241,
,,,21.65206939E3,-60.969100952,
,,,21.70138970E3,-60.969100952,
,,,21.75071197E3,-60.969100952,
,,,21.80003229E3,-55.369102478,
,,,21.84935455E3,-60.969100952,
,,,21.89867487E3,-27.76910019,
,,,21.94799714E3,-20.56910133,
,,,21.99731745E3,-19.7691002,
,,,22.04663972E3,-20.16910172,
,,,22.09596003E3,-25.76910019,
,,,22.14528230E3,-58.569103241,
,,,22.19460262E3,-54.56910324,
,,,22.24392488E3,-58.569103241,
,,,22.29324520E3,-60.969100952,
,,,22.34256747E3,-60.969100952,
,,,22.39188974E3,-60.969100952,
,,,22.44121005E3,-60.969100952,
,,,22.49053232E3,-54.56910324,
,,,22.53985263E3,-54.56910324,
,,,22.58917490E3,-58.569103241,
,,,22.63849522E3,-60.969100952,
,,,22.68781748E3,-55.369102478,
,,,22.73713780E3,-54.56910324,
,,,22.78646007E3,-58.569103241,
,,,22.83578038E3,-60.969100952,
,,,22.88510265E3,-44.16910172,
,,,22.93442296E3,-32.56909943,
,,,22.98374523E3,-30.56910133,
,,,23.03306555E3,-30.56910133,
,,,23.08238782E3,-34.16910172,
,,,23.13170813E3,-52.56910324,
,,,23.18103040E3,-54.56910324,
,,,23.23035071E3,-58.569103241,
,,,23.27967298E3,-60.969100952,
,,,23.32899525E3,-60.969100952,
,,,23.37831556E3,-60.969100952,
,,,23.42763783E3,-60.969100952,
,,,23.47695815E3,-58.569103241,
,,,23.52628041E3,-54.56910324,
,,,23.57560073E3,-60.969100952,
,,,23.62492300E3,-60.969100952,
,,,23.67424331E3,-60.969100952,
,,,23.72356558E3,-60.969100952,
,,,23.77288589E3,-58.569103241,
,,,23.82220816E3,-60.969100952,
,,,23.87152848E3,-58.569103241,
,,,23.92085075E3,-39.76910019,
,,,23.97017106E3,-35.76910019,
,,,24.01949333E3,-35.76910019,
,,,24.06881364E3,-37.76910019,
,,,24.11813591E3,-50.16910172,
,,,24.16745623E3,-54.56910324,
,,,24.21677849E3,-55.369102478,
,,,24.26609881E3,-58.569103241,
,,,24.31542108E3,-60.969100952,
,,,24.36474334E3,-58.569103241,
,,,24.41406366E3,-58.569103241,
,,,24.46338593E3,-60.969100952,
,,,24.51270624E3,-58.569103241,
,,,24.56202851E3,-60.969100952,
,,,24.61134883E3,-60.969100952,
,,,24.66067109E3,-58.569103241,
,,,24.70999141E3,-60.969100952,
,,,24.75931368E3,-60.969100952,
,,,24.80863399E3,-60.969100952,
,,,24.85795626E3,-54.56910324,
,,,24.90727657E3,-38.96910095,
,,,24.95659884E3,-33.76910019,
,,,25.00591916E3,-33.76910019,
,,,25.05524142E3,-34.56909943,
,,,25.10456174E3,-43.36910248,
,,,25.15388401E3,-58.569103241,
,,,25.20320432E3,-58.569103241,
,,,25.25252659E3,-60.969100952,
,,,25.30184886E3,-58.569103241,
,,,25.35116917E3,-58.569103241,
,,,25.40049144E3,-60.969100952,
,,,25.44981176E3,-60.969100952,
,,,25.49913402E3,-58.569103241,
,,,25.54845434E3,-60.969100952,
,,,25.59777661E3,-58.569103241,
,,,25.64709692E3,-58.569103241,
,,,25.69641919E3,-60.969100952,
,,,25.74573950E3,-60.969100952,
,,,25.79506177E3,-60.969100952,
,,,25.84438209E3,-48.96910095,
,,,25.89370435E3,-31.36910057,
,,,25.94302467E3,-22.16910172,
,,,25.99234694E3,-21.36910057,
,,,26.04166725E3,-21.36910057,
,,,26.09098952E3,-25.76910019,
,,,26.14030984E3,-46.96910095,
,,,26.18963210E3,-60.969100952,
,,,26.23895437E3,-60.969100952,
,,,26.28827469E3,-60.969100952,
,,,26.33759695E3,-60.969100952,
,,,26.38691727E3,-60.969100952,
,,,26.43623954E3,-58.569103241,
,,,26.48555985E3,-54.56910324,
,,,26.53488212E3,-54.56910324,
,,,26.58420243E3,-58.569103241,
,,,26.63352470E3,-58.569103241,
,,,26.68284502E3,-58.569103241,
,,,26.73216729E3,-60.969100952,
,,,26.78148760E3,-60.969100952,
,,,26.83080987E3,-55.369102478,
,,,26.88013018E3,-46.96910095,
,,,26.92945245E3,-32.56909943,
,,,26.97877277E3,-29.76910019,
,,,27.02809503E3,-30.16910172,
,,,27.07741535E3,-32.56909943,
,,,27.12673762E3,-45.36910248,
,,,27.17605793E3,-60.969100952,
,,,27.22538020E3,-60.969100952,
,,,27.27470247E3,-60.969100952,
,,,27.32402278E3,-60.969100952,
,,,27.37334505E3,-60.969100952,
,,,27.42266537E3,-55.369102478,
,,,27.47198763E3,-60.969100952,
,,,27.52130795E3,-60.969100952,
,,,27.57063022E3,-60.969100952,
,,,27.61995053E3,-58.569103241,
,,,27.66927280E3,-60.969100952,
,,,27.71859311E3,-60.969100952,
,,,27.76791538E3,-60.969100952,
,,,27.81723570E3,-60.969100952,
,,,27.86655796E3,-54.56910324,
,,,27.91587828E3,-38.96910095,
,,,27.96520055E3,-34.56909943,
,,,28.01452086E3,-35.36910248,
,,,28.06384313E3,-36.56909943,
,,,28.11316344E3,-45.36910248,
,,,28.16248571E3,-58.569103241,
,,,28.21180798E3,-60.969100952,
,,,28.26112830E3,-60.969100952,
,,,28.31045056E3,-58.569103241,
,,,28.35977088E3,-60.969100952,
,,,28.40909315E3,-60.969100952,
,,,28.45841346E3,-60.969100952,
,,,28.50773573E3,-60.969100952,
,,,28.55705604E3,-60.969100952,
,,,28.60637831E3,-60.969100952,
,,,28.65569863E3,-60.969100952,
,,,28.70502089E3,-60.969100952,
,,,28.75434121E3,-60.969100952,
,,,28.80366348E3,-60.969100952,
,,,28.85298379E3,-60.969100952,
,,,28.90230606E3,-41.36910248,
,,,28.95162638E3,-34.56909943,
,,,29.00094864E3,-33.76910019,
,,,29.05026896E3,-34.56909943,
,,,29.09959123E3,-41.36910248,
,,,29.14891349E3,-60.969100952,
,,,29.19823381E3,-60.969100952,
,,,29.24755608E3,-60.969100952,
,,,29.29687639E3,-60.969100952,
,,,29.34619866E3,-60.969100952,
,,,29.39551897E3,-60.969100952,
,,,29.44484124E3,-60.969100952,
,,,29.49416156E3,-60.969100952,
,,,29.54348383E3,-60.969100952,
,,,29.59280414E3,-58.569103241,
,,,29.64212641E3,-60.969100952,
,,,29.69144672E3,-60.969100952,
,,,29.74076899E3,-60.969100952,
,,,29.79008931E3,-60.969100952,
,,,29.83941157E3,-51.36910248,
,,,29.88873189E3,-34.96910095,
,,,29.93805416E3,-24.16910172,
,,,29.98737447E3,-22.56910133,
,,,30.03669674E3,-22.56910133,
,,,30.08601705E3,-26.16910172,
,,,30.13533932E3,-42.96910095,
,,,30.18466159E3,-60.969100952,
,,,30.23398190E3,-58.569103241,
,,,30.28330417E3,-60.969100952,
,,,30.33262449E3,-60.969100952,
,,,30.38194676E3,-60.969100952,
,,,30.43126707E3,-60.969100952,
,,,30.48058934E3,-60.969100952,
,,,30.52990965E3,-58.569103241,
,,,30.57923192E3,-60.969100952,
,,,30.62855224E3,-58.569103241,
,,,30.67787450E3,-55.369102478,
,,,30.72719482E3,-54.56910324,
,,,30.77651709E3,-51.76910019,
,,,30.82583740E3,-51.76910019,
,,,30.87515967E3,-50.16910172,
,,,30.92447998E3,-32.96910095,
,,,30.97380225E3,-29.76910019,
,,,31.02312257E3,-29.76910019,
,,,31.07244484E3,-32.16910172,
,,,31.12176710E3,-44.16910172,
,,,31.17108742E3,-58.569103241,
,,,31.22040969E3,-60.969100952,
,,,31.26973000E3,-60.969100952,
,,,31.31905227E3,-55.369102478,
,,,31.36837258E3,-54.56910324,
,,,31.41769485E3,-58.569103241,
,,,31.46701517E3,-60.969100952,
,,,31.51633743E3,-60.969100952,
,,,31.56565775E3,-60.969100952,
,,,31.61498002E3,-60.969100952,
,,,31.66430033E3,-60.969100952,
,,,31.71362260E3,-60.969100952,
,,,31.76294291E3,-60.969100952,
,,,31.81226518E3,-60.969100952,
,,,31.86158550E3,-60.969100952,
,,,31.91090777E3,-39.76910019,
,,,31.96022808E3,-34.56909943,
,,,32.00955035E3,-34.56909943,
,,,32.05887262E3,-35.76910019,
,,,32.10819293E3,-44.56909943,
,,,32.15751520E3,-54.56910324,
,,,32.20683551E3,-60.969100952,
,,,32.25615778E3,-60.969100952,
,,,32.30547810E3,-60.969100952,
,,,32.35480036E3,-60.969100952,
,,,32.40412068E3,-60.969100952,
,,,32.45344295E3,-58.569103241,
,,,32.50276326E3,-60.969100952,
,,,32.55208553E3,-60.969100952,
,,,32.60140585E3,-58.569103241,
,,,32.65072811E3,-60.969100952,
,,,32.70004843E3,-55.369102478,
,,,32.74937070E3,-60.969100952,
,,,32.79869296E3,-60.969100952,
,,,32.84801328E3,-60.969100952,
,,,32.89733359E3,-41.76910019,
,,,32.94665391E3,-34.56909943,
,,,32.99597813E3,-34.16910172,
,,,33.04529844E3,-34.56909943,
,,,33.09461876E3,-38.96910095,
,,,33.14394298E3,-58.569103241,
,,,33.19326330E3,-60.969100952,
,,,33.24258361E3,-60.969100952,
,,,33.29190393E3,-58.569103241,
,,,33.34122815E3,-58.569103241,
,,,33.39054846E3,-58.569103241,
,,,33.43986878E3,-58.569103241,
,,,33.48918909E3,-60.969100952,
,,,33.53851331E3,-60.969100952,
,,,33.58783363E3,-58.569103241,
,,,33.63715394E3,-60.969100952,
,,,33.68647426E3,-60.969100952,
,,,33.73579848E3,-54.56910324,
,,,33.78511879E3,-60.969100952,
,,,33.83443911E3,-49.36910248,
,,,33.88375942E3,-39.76910019,
,,,33.93308364E3,-25.76910019,
,,,33.98240396E3,-23.76910019,
,,,34.03172427E3,-23.76910019,
,,,34.08104849E3,-26.56910133,
,,,34.13036881E3,-41.76910019,
,,,34.17968912E3,-60.969100952,
,,,34.22900944E3,-60.969100952,
,,,34.27833366E3,-58.569103241,
,,,34.32765397E3,-60.969100952,
,,,34.37697429E3,-58.569103241,
,,,34.42629460E3,-60.969100952,
,,,34.47561883E3,-58.569103241,
,,,34.52493914E3,-60.969100952,
,,,34.57425945E3,-60.969100952,
,,,34.62357977E3,-60.969100952,
,,,34.67290399E3,-60.969100952,
,,,34.72222431E3,-60.969100952,
,,,34.77154462E3,-60.969100952,
,,,34.82086494E3,-60.969100952,
,,,34.87018916E3,-52.56910324,
,,,34.91950947E3,-33.36910248,
,,,34.96882979E3,-28.96910095,
,,,35.01815401E3,-28.96910095,
,,,35.06747432E3,-30.16910172,
,,,35.11679464E3,-39.36910248,
,,,35.16611495E3,-60.969100952,
,,,35.21543917E3,-60.969100952,
,,,35.26475949E3,-58.569103241,
,,,35.31407980E3,-58.569103241,
,,,35.36340012E3,-58.569103241,
,,,35.41272434E3,-58.569103241,
,,,35.46204465E3,-60.969100952,
,,,35.51136497E3,-60.969100952,
,,,35.56068528E3,-60.969100952,
,,,35.61000950E3,-60.969100952,
,,,35.65932982E3,-60.969100952,
,,,35.70865013E3,-60.969100952,
,,,35.75797045E3,-60.969100952,
,,,35.80729467E3,-60.969100952,
,,,35.85661498E3,-60.969100952,
,,,35.90593530E3,-40.96910095,
,,,35.95525952E3,-35.36910248,
,,,36.00457984E3,-34.96910095,
,,,36.05390015E3,-35.36910248,
,,,36.10322046E3,-40.96910095,
,,,36.15254469E3,-55.369102478,
,,,36.20186500E3,-55.369102478,
,,,36.25118532E3,-55.369102478,
,,,36.30050563E3,-54.56910324,
,,,36.34982985E3,-58.569103241,
,,,36.39915017E3,-58.569103241,
,,,36.44847048E3,-60.969100952,
,,,36.49779080E3,-60.969100952,
,,,36.54711502E3,-58.569103241,
,,,36.59643533E3,-58.569103241,
,,,36.64575565E3,-60.969100952,
,,,36.69507596E3,-58.569103241,
,,,36.74440018E3,-60.969100952,
,,,36.79372050E3,-60.969100952,
,,,36.84304081E3,-60.969100952,
,,,36.89236113E3,-45.36910248,
,,,36.94168535E3,-35.76910019,
,,,36.99100566E3,-34.56909943,
,,,37.04032598E3,-34.96910095,
,,,37.08965020E3,-40.16910172,
,,,37.13897051E3,-60.969100952,
,,,37.18829083E3,-55.369102478,
,,,37.23761114E3,-58.569103241,
,,,37.28693536E3,-54.56910324,
,,,37.33625568E3,-54.56910324,
,,,37.38557599E3,-58.569103241,
,,,37.43489631E3,-58.569103241,
,,,37.48422053E3,-60.969100952,
,,,37.53354085E3,-60.969100952,
,,,37.58286116E3,-60.969100952,
,,,37.63218147E3,-58.569103241,
,,,37.68150570E3,-60.969100952,
,,,37.73082601E3,-60.969100952,
,,,37.78014633E3,-55.369102478,
,,,37.82946664E3,-58.569103241,
,,,37.87879086E3,-40.96910095,
,,,37.92811118E3,-26.96910095,
,,,37.97743149E3,-24.56910133,
,,,38.02675571E3,-24.56910133,
,,,38.07607603E3,-26.96910095,
,,,38.12539634E3,-40.16910172,
,,,38.17471666E3,-51.76910019,
,,,38.22404088E3,-60.969100952,
,,,38.27336119E3,-60.969100952,
,,,38.32268151E3,-60.969100952,
,,,38.37200182E3,-60.969100952,
,,,38.42132604E3,-60.969100952,
,,,38.47064636E3,-60.969100952,
,,,38.51996667E3,-55.369102478,
,,,38.56928699E3,-58.569103241,
,,,38.61861121E3,-60.969100952,
,,,38.66793152E3,-58.569103241,
,,,38.71725184E3,-58.569103241,
,,,38.76657215E3,-54.56910324,
,,,38.81589637E3,-60.969100952,
,,,38.86521669E3,-51.36910248,
,,,38.91453700E3,-33.36910248,
,,,38.96386123E3,-28.56910133,
,,,39.01318154E3,-28.56910133,
,,,39.06250186E3,-29.36910057,
,,,39.11182217E3,-38.16910172,
,,,39.16114639E3,-60.969100952,
,,,39.21046671E3,-58.569103241,
,,,39.25978702E3,-60.969100952,
,,,39.30910734E3,-58.569103241,
,,,39.35843156E3,-58.569103241,
,,,39.40775187E3,-52.56910324,
,,,39.45707219E3,-52.56910324,
,,,39.50639250E3,-51.36910248,
,,,39.55571672E3,-55.369102478,
,,,39.60503704E3,-60.969100952,
,,,39.65435735E3,-60.969100952,
,,,39.70367767E3,-58.569103241,
,,,39.75300189E3,-60.969100952,
,,,39.80232220E3,-58.569103241,
,,,39.85164252E3,-60.969100952,
,,,39.90096674E3,-43.36910248,
,,,39.95028705E3,-35.76910019,
,,,39.99960737E3,-34.96910095,
,,,40.04892768E3,-35.36910248,
,,,40.09825190E3,-40.96910095,
,,,40.14757222E3,-60.969100952,
,,,40.19689253E3,-60.969100952,
,,,40.24621285E3,-60.969100952,
,,,40.29553707E3,-60.969100952,
,,,40.34485739E3,-60.969100952,
,,,40.39417770E3,-60.969100952,
,,,40.44349801E3,-60.969100952,
,,,40.49282224E3,-58.569103241,
,,,40.54214255E3,-60.969100952,
,,,40.59146287E3,-58.569103241,
,,,40.64078318E3,-60.969100952,
,,,40.69010740E3,-60.969100952,
,,,40.73942772E3,-60.969100952,
,,,40.78874803E3,-58.569103241,
,,,40.83807225E3,-60.969100952,
,,,40.88739257E3,-45.36910248,
,,,40.93671288E3,-35.76910019,
,,,40.98603320E3,-34.56909943,
,,,41.03535742E3,-34.56909943,
,,,41.08467773E3,-38.16910172,
,,,41.13399805E3,-58.569103241,
,,,41.18331836E3,-60.969100952,
,,,41.23264258E3,-60.969100952,
,,,41.28196290E3,-60.969100952,
,,,41.33128321E3,-60.969100952,
,,,41.38060353E3,-54.56910324,
,,,41.42992775E3,-54.56910324,
,,,41.47924806E3,-60.969100952,
,,,41.52856838E3,-54.56910324,
,,,41.57788869E3,-60.969100952,
,,,41.62721291E3,-58.569103241,
,,,41.67653323E3,-60.969100952,
,,,41.72585354E3,-60.969100952,
,,,41.77517777E3,-60.969100952,
,,,41.82449808E3,-55.369102478,
,,,41.87381840E3,-47.36910248,
,,,41.92313871E3,-29.36910057,
,,,41.97246293E3,-25.36910057,
,,,42.02178325E3,-25.36910057,
,,,42.07110356E3,-26.96910095,
,,,42.12042388E3,-38.16910172,
,,,42.16974810E3,-58.569103241,
,,,42.21906841E3,-58.569103241,
,,,42.26838873E3,-60.969100952,
,,,42.31770904E3,-60.969100952,
,,,42.36703326E3,-60.969100952,
,,,42.41635358E3,-60.969100952,
,,,42.46567389E3,-60.969100952,
,,,42.51499421E3,-60.969100952,
,,,42.56431843E3,-58.569103241,
,,,42.61363874E3,-60.969100952,
,,,42.66295906E3,-58.569103241,
,,,42.71227937E3,-58.569103241,
,,,42.76160359E3,-58.569103241,
,,,42.81092391E3,-60.969100952,
,,,42.86024422E3,-60.969100952,
,,,42.90956844E3,-34.16910172,
,,,42.95888876E3,-28.56910133,
,,,43.00820907E3,-28.16910172,
,,,43.05752939E3,-28.96910095,
,,,43.10685361E3,-36.96910095,
,,,43.15617392E3,-55.369102478,
,,,43.20549424E3,-54.56910324,
,,,43.25481455E3,-55.369102478,
,,,43.30413878E3,-55.369102478,
,,,43.35345909E3,-58.569103241,
,,,43.40277941E3,-60.969100952,
,,,43.45209972E3,-60.969100952,
,,,43.50142394E3,-60.969100952,
,,,43.55074426E3,-58.569103241,
,,,43.60006457E3,-60.969100952,
,,,43.64938489E3,-60.969100952,
,,,43.69870911E3,-60.969100952,
,,,43.74802942E3,-60.969100952,
,,,43.79734974E3,-60.969100952,
,,,43.84667396E3,-54.56910324,
,,,43.89599427E3,-45.36910248,
,,,43.94531459E3,-36.56909943,
,,,43.99463490E3,-35.36910248,
,,,44.04395912E3,-34.96910095,
,,,44.09327944E3,-38.96910095,
,,,44.14259975E3,-55.369102478,
,,,44.19192007E3,-58.569103241,
,,,44.24124429E3,-60.969100952,
,,,44.29056460E3,-60.969100952,
,,,44.33988492E3,-58.569103241,
,,,44.38920523E3,-54.56910324,
,,,44.43852945E3,-60.969100952,
,,,44.48784977E3,-60.969100952,
,,,44.53717008E3,-58.569103241,
,,,44.58649040E3,-52.56910324,
,,,44.63581462E3,-54.56910324,
,,,44.68513493E3,-58.569103241,
,,,44.73445525E3,-58.569103241,
,,,44.78377947E3,-60.969100952,
,,,44.83309979E3,-60.969100952,
,,,44.88242010E3,-48.56910324,
,,,44.93174042E3,-36.56909943,
,,,44.98106464E3,-34.16910172,
,,,45.03038495E3,-34.16910172,
,,,45.07970527E3,-36.96910095,
,,,45.12902558E3,-48.56910324,
,,,45.17834980E3,-60.969100952,
,,,45.22767012E3,-60.969100952,
,,,45.27699043E3,-60.969100952,
,,,45.32631075E3,-58.569103241,
,,,45.37563497E3,-58.569103241,
,,,45.42495528E3,-55.369102478,
,,,45.47427560E3,-60.969100952,
,,,45.52359591E3,-60.969100952,
,,,45.57292013E3,-60.969100952,
,,,45.62224045E3,-60.969100952,
,,,45.67156076E3,-60.969100952,
,,,45.72088498E3,-60.969100952,
,,,45.77020530E3,-58.569103241,
,,,45.81952561E3,-60.969100952,
,,,45.86884593E3,-54.56910324,
,,,45.91817015E3,-30.56910133,
,,,45.96749046E3,-26.16910172,
,,,46.01681078E3,-26.16910172,
,,,46.06613109E3,-27.36910057,
,,,46.11545532E3,-36.96910095,
,,,46.16477563E3,-58.569103241,
,,,46.21409595E3,-60.969100952,
,,,46.26341626E3,-60.969100952,
,,,46.31274048E3,-58.569103241,
,,,46.36206080E3,-58.569103241,
,,,46.41138111E3,-60.969100952,
,,,46.46070143E3,-60.969100952,
,,,46.51002565E3,-60.969100952,
,,,46.55934596E3,-60.969100952,
,,,46.60866628E3,-60.969100952,
,,,46.65799050E3,-60.969100952,
,,,46.70731081E3,-58.569103241,
,,,46.75663113E3,-58.569103241,
,,,46.80595144E3,-60.969100952,
,,,46.85527566E3,-60.969100952,
,,,46.90459598E3,-35.36910248,
,,,46.95391629E3,-28.16910172,
,,,47.00323661E3,-27.76910019,
,,,47.05256083E3,-28.16910172,
,,,47.10188114E3,-33.76910019,
,,,47.15120146E3,-58.569103241,
,,,47.20052177E3,-60.969100952,
,,,47.24984599E3,-58.569103241,
,,,47.29916631E3,-58.569103241,
,,,47.34848662E3,-60.969100952,
,,,47.39780694E3,-60.969100952,
,,,47.44713116E3,-60.969100952,
,,,47.49645147E3,-55.369102478,
,,,47.54577179E3,-60.969100952,
,,,47.59509601E3,-60.969100952,
,,,47.64441633E3,-60.969100952,
,,,47.69373664E3,-60.969100952,
,,,47.74305696E3,-60.969100952,
,,,47.79238118E3,-55.369102478,
,,,47.84170149E3,-54.56910324,
,,,47.89102181E3,-46.56909943,
,,,47.94034212E3,-36.56909943,
,,,47.98966634E3,-34.56909943,
,,,48.03898666E3,-34.96910095,
,,,48.08830697E3,-37.76910019,
,,,48.13762729E3,-54.56910324,
,,,48.18695151E3,-55.369102478,
,,,48.23627182E3,-60.969100952,
,,,48.28559214E3,-60.969100952,
,,,48.33491245E3,-60.969100952,
,,,48.38423667E3,-60.969100952,
,,,48.43355699E3,-58.569103241,
,,,48.48287730E3,-60.969100952,
,,,48.53219762E3,-58.569103241,
,,,48.58152184E3,-58.569103241,
,,,48.63084215E3,-60.969100952,
,,,48.68016247E3,-60.969100952,
,,,48.72948669E3,-58.569103241,
,,,48.77880700E3,-60.969100952,
,,,48.82812732E3,-58.569103241,
,,,48.87744763E3,-55.369102478,
,,,48.92677186E3,-37.76910019,
,,,48.97609217E3,-34.16910172,
,,,49.02541248E3,-34.16910172,
,,,49.07473280E3,-36.16910172,
,,,49.12405702E3,-45.36910248,
,,,49.17337734E3,-60.969100952,
,,,49.22269765E3,-58.569103241,
,,,49.27201797E3,-60.969100952,
,,,49.32134219E3,-60.969100952,
,,,49.37066250E3,-60.969100952,
,,,49.41998282E3,-58.569103241,
,,,49.46930313E3,-54.56910324,
,,,49.51862735E3,-58.569103241,
,,,49.56794767E3,-60.969100952,
,,,49.61726798E3,-60.969100952,
,,,49.66659220E3,-60.969100952,
,,,49.71591252E3,-60.969100952,
,,,49.76523283E3,-60.969100952,
,,,49.81455315E3,-60.969100952,
,,,49.86387737E3,-55.369102478,
,,,49.91319768E3,-32.56909943,
,,,49.96251800E3,-27.36910057,
,,,50.01183831E3,-26.96910095,
,,,50.06116253E3,-28.16910172,
,,,50.11048285E3,-36.16910172,
,,,50.15980316E3,-60.969100952,
,,,50.20912348E3,-58.569103241,
,,,50.25844770E3,-60.969100952,
,,,50.30776801E3,-60.969100952,
,,,50.35708833E3,-58.569103241,
,,,50.40640864E3,-60.969100952,
,,,50.45573287E3,-60.969100952,
