Record Length,2500,Points,-1.1400001E-3,2.3399999,
Sample Interval,1.000000E-6,s,-1.1390001E-3,2.3199999,
Trigger Point,1.1400001E3,Samples,-1.1380001E-3,2.3199999,
,,,-1.1370000E-3,2.3000000,
,,,-1.1360000E-3,2.2800000,
,,,-1.1350000E-3,2.3000000,
Source,CH1,,-1.1340000E-3,2.2800000,
Vertical Units,Volts,,-1.1330000E-3,2.2600000,
Vertical Scale,499.999988824E-3,,-1.1320001E-3,2.2600000,
Vertical Offset,0,,-1.1310001E-3,2.2600000,
Horizontal Units,s,,-1.1300001E-3,2.2600000,
Horizontal Scale,249.99999937E-6,,-1.1290001E-3,2.2200000,
Pt Fmt,Y,,-1.1280001E-3,2.2200000,
Yzero,-2.4400000,,-1.1270001E-3,2.2000000,
Probe Atten,1.000000,,-1.1260001E-3,2.2000000,
,,,-1.1250001E-3,2.1800001,
Note,TDS 1012B - 11:37:47 a. m.   29/07/2026,,-1.1240001E-3,2.1599998,
,,,-1.1230001E-3,2.1800001,
,,,-1.1220000E-3,2.1399999,
,,,-1.1210000E-3,2.1399999,
,,,-1.1200000E-3,2.1199999,
,,,-1.1190000E-3,2.1199999,
,,,-1.1180000E-3,2.1199999,
,,,-1.1170001E-3,2.0799999,
,,,-1.1160001E-3,2.0999999,
,,,-1.1150001E-3,2.0799999,
,,,-1.1140001E-3,2.0799999,
,,,-1.1130001E-3,2.0400000,
,,,-1.1120001E-3,2.0599999,
,,,-1.1110001E-3,2.0400000,
,,,-1.1100001E-3,2.0200000,
,,,-1.1090001E-3,2.0200000,
,,,-1.1080001E-3,2.0200000,
,,,-1.1070000E-3,2.0000000,
,,,-1.1060000E-3,2.0000000,
,,,-1.1050000E-3,1.9799999,
,,,-1.1040000E-3,1.9799999,
,,,-1.1030000E-3,1.9599999,
,,,-1.1020000E-3,1.9599999,
,,,-1.1010001E-3,1.9399999,
,,,-1.1000001E-3,1.9200000,
,,,-1.0990001E-3,1.9200000,
,,,-1.0980001E-3,1.9000000,
,,,-1.0970001E-3,1.8800000,
,,,-1.0960001E-3,1.8800000,
,,,-1.0950001E-3,1.8800000,
,,,-1.0940001E-3,1.8399999,
,,,-1.0930001E-3,1.8800000,
,,,-1.0920000E-3,1.8399999,
,,,-1.0910000E-3,1.8399999,
,,,-1.0900000E-3,1.8199999,
,,,-1.0890000E-3,1.8399999,
,,,-1.0880000E-3,1.8199999,
,,,-1.0870000E-3,1.8000000,
,,,-1.0860001E-3,1.7800000,
,,,-1.0850001E-3,1.7800000,
,,,-1.0840001E-3,1.7800000,
,,,-1.0830001E-3,1.7600000,
,,,-1.0820001E-3,1.7600000,
,,,-1.0810001E-3,1.7400000,
,,,-1.0800001E-3,1.7199999,
,,,-1.0790001E-3,1.7400000,
,,,-1.0780001E-3,1.7199999,
,,,-1.0770001E-3,1.6799999,
,,,-1.0760000E-3,1.6799999,
,,,-1.0750000E-3,1.6799999,
,,,-1.0740000E-3,1.6600000,
,,,-1.0730000E-3,1.6400000,
,,,-1.0720000E-3,1.6400000,
,,,-1.0710001E-3,1.6400000,
,,,-1.0700001E-3,1.6200000,
,,,-1.0690001E-3,1.6200000,
,,,-1.0680001E-3,1.5999999,
,,,-1.0670001E-3,1.5799999,
,,,-1.0660001E-3,1.5999999,
,,,-1.0650001E-3,1.5799999,
,,,-1.0640001E-3,1.5599999,
,,,-1.0630001E-3,1.5599999,
,,,-1.0620001E-3,1.5400000,
,,,-1.0610000E-3,1.5400000,
,,,-1.0600000E-3,1.5400000,
,,,-1.0590000E-3,1.5200000,
,,,-1.0580000E-3,1.5000000,
,,,-1.0570000E-3,1.4800000,
,,,-1.0560000E-3,1.4800000,
,,,-1.0550001E-3,1.4599999,
,,,-1.0540001E-3,1.4599999,
,,,-1.0530001E-3,1.4399999,
,,,-1.0520001E-3,1.4399999,
,,,-1.0510001E-3,1.4399999,
,,,-1.0500001E-3,1.4399999,
,,,-1.0490001E-3,1.4000000,
,,,-1.0480001E-3,1.3800000,
,,,-1.0470001E-3,1.4000000,
,,,-1.0460000E-3,1.3800000,
,,,-1.0450000E-3,1.3800000,
,,,-1.0440000E-3,1.3399999,
,,,-1.0430000E-3,1.3600000,
,,,-1.0420000E-3,1.3399999,
,,,-1.0410000E-3,1.3199999,
,,,-1.0400001E-3,1.3199999,
,,,-1.0390001E-3,1.3000000,
,,,-1.0380001E-3,1.3000000,
,,,-1.0370001E-3,1.3000000,
,,,-1.0360001E-3,1.3000000,
,,,-1.0350001E-3,1.2800000,
,,,-1.0340001E-3,1.2600000,
,,,-1.0330001E-3,1.2600000,
,,,-1.0320001E-3,1.2400000,
,,,-1.0310001E-3,1.2200000,
,,,-1.0300000E-3,1.2400000,
,,,-1.0290000E-3,1.1999999,
,,,-1.0280000E-3,1.1999999,
,,,-1.0270000E-3,1.1999999,
,,,-1.0260000E-3,1.1600000,
,,,-1.0250001E-3,1.1600000,
,,,-1.0240001E-3,1.1600000,
,,,-1.0230001E-3,1.1600000,
,,,-1.0220001E-3,1.1400000,
,,,-1.0210001E-3,1.1200000,
,,,-1.0200001E-3,1.1000000,
,,,-1.0190001E-3,1.1000000,
,,,-1.0180001E-3,1.1000000,
,,,-1.0170001E-3,1.0799999,
,,,-1.0160001E-3,1.0799999,
,,,-1.0150000E-3,1.0799999,
,,,-1.0140000E-3,1.0599999,
,,,-1.0130000E-3,1.0400000,
,,,-1.0120000E-3,1.0400000,
,,,-1.0110000E-3,1.0400000,
,,,-1.0100001E-3,1.0200000,
,,,-1.0090001E-3,1.000000,
,,,-1.0080001E-3,979.999959469E-3,
,,,-1.0070001E-3,979.999959469E-3,
,,,-1.0060001E-3,979.999959469E-3,
,,,-1.0050001E-3,959.999978542E-3,
,,,-1.0040001E-3,939.999997616E-3,
,,,-1.0030001E-3,939.999997616E-3,
,,,-1.0020001E-3,939.999997616E-3,
,,,-1.0010001E-3,919.999957085E-3,
,,,-1.0000000E-3,899.999976158E-3,
,,,-999.000039883E-6,899.999976158E-3,
,,,-998.000032268E-6,899.999976158E-3,
,,,-997.000024654E-6,899.999976158E-3,
,,,-996.000017039E-6,859.999954700E-3,
,,,-995.000009425E-6,859.999954700E-3,
,,,-994.000118226E-6,839.999973774E-3,
,,,-993.000110611E-6,839.999973774E-3,
,,,-992.000102997E-6,819.999992847E-3,
,,,-991.000095382E-6,819.999992847E-3,
,,,-990.000087768E-6,799.999952316E-3,
,,,-989.000080153E-6,799.999952316E-3,
,,,-988.000072539E-6,799.999952316E-3,
,,,-987.000064924E-6,779.999971390E-3,
,,,-986.000057310E-6,759.999990463E-3,
,,,-985.000049695E-6,759.999990463E-3,
,,,-984.000042081E-6,759.999990463E-3,
,,,-983.000034466E-6,759.999990463E-3,
,,,-982.000026852E-6,740.000009537E-3,
,,,-981.000019237E-6,719.999969006E-3,
,,,-980.000011623E-6,699.999988079E-3,
,,,-979.000120424E-6,680.000007153E-3,
,,,-978.000112809E-6,699.999988079E-3,
,,,-977.000105195E-6,659.999966621E-3,
,,,-976.000039373E-6,659.999966621E-3,
,,,-975.000089966E-6,659.999966621E-3,
,,,-974.000082351E-6,639.999985695E-3,
,,,-973.000074737E-6,639.999985695E-3,
,,,-972.000067122E-6,620.000004768E-3,
,,,-971.000059508E-6,620.000004768E-3,
,,,-970.000051893E-6,599.999964237E-3,
,,,-969.000044279E-6,599.999964237E-3,
,,,-968.000094872E-6,579.999983311E-3,
,,,-967.000087257E-6,579.999983311E-3,
,,,-966.000079643E-6,579.999983311E-3,
,,,-965.000072028E-6,560.000002384E-3,
,,,-964.000064414E-6,560.000002384E-3,
,,,-963.000056800E-6,539.999961853E-3,
,,,-962.000049185E-6,519.999980927E-3,
,,,-961.000041571E-6,519.999980927E-3,
,,,-960.000092164E-6,479.999989271E-3,
,,,-959.000084549E-6,479.999989271E-3,
,,,-958.000076935E-6,500.000000000E-3,
,,,-957.000069320E-6,479.999989271E-3,
,,,-956.000061706E-6,459.999978542E-3,
,,,-955.000054091E-6,439.999997616E-3,
,,,-954.000046477E-6,439.999997616E-3,
,,,-953.000038862E-6,439.999997616E-3,
,,,-952.000089455E-6,439.999997616E-3,
,,,-951.000081841E-6,399.99997616E-3,
,,,-950.000074226E-6,399.99997616E-3,
,,,-949.000066612E-6,379.99999523E-3,
,,,-948.000058997E-6,379.99999523E-3,
,,,-947.000051383E-6,379.99999523E-3,
,,,-946.000043768E-6,379.99999523E-3,
,,,-945.000094362E-6,340.00000358E-3,
,,,-944.000086747E-6,340.00000358E-3,
,,,-943.000079133E-6,319.99999285E-3,
,,,-942.000071518E-6,319.99999285E-3,
,,,-941.000063904E-6,319.99999285E-3,
,,,-940.000056289E-6,299.99998212E-3,
,,,-939.000048675E-6,259.99999046E-3,
,,,-938.000041060E-6,280.00000119E-3,
,,,-937.000091653E-6,280.00000119E-3,
,,,-936.000084039E-6,280.00000119E-3,
,,,-935.000076424E-6,319.99999285E-3,
,,,-934.000068810E-6,319.99999285E-3,
,,,-933.000061195E-6,299.99998212E-3,
,,,-932.000053581E-6,319.99999285E-3,
,,,-931.000045966E-6,340.00000358E-3,
,,,-930.000038352E-6,359.99998450E-3,
,,,-929.000088945E-6,359.99998450E-3,
,,,-928.000081331E-6,379.99999523E-3,
,,,-927.000073716E-6,379.99999523E-3,
,,,-926.000066102E-6,379.99999523E-3,
,,,-925.000058487E-6,399.99997616E-3,
,,,-924.000050873E-6,399.99997616E-3,
,,,-923.000043258E-6,419.999986887E-3,
,,,-922.000093851E-6,419.999986887E-3,
,,,-921.000086237E-6,439.999997616E-3,
,,,-920.000078622E-6,439.999997616E-3,
,,,-919.000071008E-6,439.999997616E-3,
,,,-918.000063393E-6,459.999978542E-3,
,,,-917.000055779E-6,479.999989271E-3,
,,,-916.000048164E-6,500.000000000E-3,
,,,-915.000040550E-6,519.999980927E-3,
,,,-914.000091143E-6,519.999980927E-3,
,,,-913.000083528E-6,519.999980927E-3,
,,,-912.000075914E-6,519.999980927E-3,
,,,-911.000068299E-6,519.999980927E-3,
,,,-910.000060685E-6,539.999961853E-3,
,,,-909.000053070E-6,560.000002384E-3,
,,,-908.000045456E-6,579.999983311E-3,
,,,-907.000037841E-6,579.999983311E-3,
,,,-906.000088435E-6,579.999983311E-3,
,,,-905.000080820E-6,579.999983311E-3,
,,,-904.000073206E-6,620.000004768E-3,
,,,-903.000065591E-6,620.000004768E-3,
,,,-902.000057977E-6,639.999985695E-3,
,,,-901.000050362E-6,639.999985695E-3,
,,,-900.000042748E-6,639.999985695E-3,
,,,-899.000093341E-6,639.999985695E-3,
,,,-898.000085726E-6,680.000007153E-3,
,,,-897.000078112E-6,699.999988079E-3,
,,,-896.000070497E-6,699.999988079E-3,
,,,-895.000062883E-6,699.999988079E-3,
,,,-894.000055268E-6,699.999988079E-3,
,,,-893.000047654E-6,719.999969006E-3,
,,,-892.000040039E-6,740.000009537E-3,
,,,-891.000090633E-6,740.000009537E-3,
,,,-890.000083018E-6,759.999990463E-3,
,,,-889.000075404E-6,779.999971390E-3,
,,,-888.000067789E-6,779.999971390E-3,
,,,-887.000060175E-6,779.999971390E-3,
,,,-886.000052560E-6,779.999971390E-3,
,,,-885.000044946E-6,799.999952316E-3,
,,,-884.000095539E-6,819.999992847E-3,
,,,-883.000087924E-6,819.999992847E-3,
,,,-882.000080310E-6,839.999973774E-3,
,,,-881.000072695E-6,839.999973774E-3,
,,,-880.000065081E-6,839.999973774E-3,
,,,-879.000057466E-6,859.999954700E-3,
,,,-878.000049852E-6,859.999954700E-3,
,,,-877.000042237E-6,899.999976158E-3,
,,,-876.000092831E-6,899.999976158E-3,
,,,-875.000085216E-6,899.999976158E-3,
,,,-874.000077602E-6,899.999976158E-3,
,,,-873.000069987E-6,919.999957085E-3,
,,,-872.000062373E-6,939.999997616E-3,
,,,-871.000054758E-6,939.999997616E-3,
,,,-870.000047144E-6,959.999978542E-3,
,,,-869.000039529E-6,959.999978542E-3,
,,,-868.000090122E-6,979.999959469E-3,
,,,-867.000082508E-6,979.999959469E-3,
,,,-866.000074893E-6,979.999959469E-3,
,,,-865.000067279E-6,1.000000,
,,,-864.000059664E-6,1.0200000,
,,,-863.000052050E-6,1.0400000,
,,,-862.000044435E-6,1.0200000,
,,,-861.000095028E-6,1.0599999,
,,,-860.000087414E-6,1.0599999,
,,,-859.000079799E-6,1.0799999,
,,,-858.000072185E-6,1.0599999,
,,,-857.000064570E-6,1.1000000,
,,,-856.000056956E-6,1.1000000,
,,,-855.000049341E-6,1.1000000,
,,,-854.000041727E-6,1.1200000,
,,,-853.000092320E-6,1.1200000,
,,,-852.000084706E-6,1.1400000,
,,,-851.000077091E-6,1.1400000,
,,,-850.000069477E-6,1.1600000,
,,,-849.000061862E-6,1.1600000,
,,,-848.000054248E-6,1.1600000,
,,,-847.000046633E-6,1.1799999,
,,,-846.000039019E-6,1.2200000,
,,,-845.000089612E-6,1.2200000,
,,,-844.000081997E-6,1.2200000,
,,,-843.000074383E-6,1.2200000,
,,,-842.000066768E-6,1.2400000,
,,,-841.000059154E-6,1.2400000,
,,,-840.000051539E-6,1.2600000,
,,,-839.000043925E-6,1.2600000,
,,,-838.000094518E-6,1.2800000,
,,,-837.000086904E-6,1.2800000,
,,,-836.000079289E-6,1.3000000,
,,,-835.000071675E-6,1.3199999,
,,,-834.000064060E-6,1.3199999,
,,,-833.000056446E-6,1.3399999,
,,,-832.000048831E-6,1.3399999,
,,,-831.000041217E-6,1.3800000,
,,,-830.000091810E-6,1.3600000,
,,,-829.000084195E-6,1.3800000,
,,,-828.000076581E-6,1.3800000,
,,,-827.000068966E-6,1.4000000,
,,,-826.000061352E-6,1.4000000,
,,,-825.000053737E-6,1.4200000,
,,,-824.000046123E-6,1.4399999,
,,,-823.000038508E-6,1.4399999,
,,,-822.000089101E-6,1.4399999,
,,,-821.000081487E-6,1.4599999,
,,,-820.000073873E-6,1.4599999,
,,,-819.000066258E-6,1.4800000,
,,,-818.000058644E-6,1.4800000,
,,,-817.000051029E-6,1.4800000,
,,,-816.000043415E-6,1.5000000,
,,,-815.000094008E-6,1.5000000,
,,,-814.000086393E-6,1.5400000,
,,,-813.000078779E-6,1.5200000,
,,,-812.000071164E-6,1.5400000,
,,,-811.000063550E-6,1.5599999,
,,,-810.000055935E-6,1.5599999,
,,,-809.000048321E-6,1.5799999,
,,,-808.000040706E-6,1.5599999,
,,,-807.000091299E-6,1.5799999,
,,,-806.000083685E-6,1.6200000,
,,,-805.000076070E-6,1.6200000,
,,,-804.000068456E-6,1.6200000,
,,,-803.000060841E-6,1.6400000,
,,,-802.000053227E-6,1.6400000,
,,,-801.000045612E-6,1.6400000,
,,,-800.000037998E-6,1.6600000,
,,,-799.000088591E-6,1.6600000,
,,,-798.000080977E-6,1.6799999,
,,,-797.000073362E-6,1.6999999,
,,,-796.000065748E-6,1.6999999,
,,,-795.000058133E-6,1.6999999,
,,,-794.000050519E-6,1.7199999,
,,,-793.000042904E-6,1.7400000,
,,,-792.000093497E-6,1.7600000,
,,,-791.000085883E-6,1.7600000,
,,,-790.000078268E-6,1.7600000,
,,,-789.000070654E-6,1.7800000,
,,,-788.000063039E-6,1.8000000,
,,,-787.000055425E-6,1.8000000,
,,,-786.000047810E-6,1.8000000,
,,,-785.000040196E-6,1.8199999,
,,,-784.000090789E-6,1.8199999,
,,,-783.000083175E-6,1.8399999,
,,,-782.000075560E-6,1.8399999,
,,,-781.000067946E-6,1.8800000,
,,,-780.000060331E-6,1.8600000,
,,,-779.000052717E-6,1.8800000,
,,,-778.000045102E-6,1.8800000,
,,,-777.000095695E-6,1.9000000,
,,,-776.000088081E-6,1.9000000,
,,,-775.000080466E-6,1.9200000,
,,,-774.000072852E-6,1.9399999,
,,,-773.000065237E-6,1.9399999,
,,,-772.000057623E-6,1.9399999,
,,,-771.000050008E-6,1.9599999,
,,,-770.000042394E-6,1.9799999,
,,,-769.000092987E-6,1.9799999,
,,,-768.000085372E-6,2.0200000,
,,,-767.000077758E-6,2.0000000,
,,,-766.000070143E-6,2.0200000,
,,,-765.000062529E-6,2.0200000,
,,,-764.000054915E-6,2.0200000,
,,,-763.000047300E-6,2.0400000,
,,,-762.000039686E-6,2.0599999,
,,,-761.000090279E-6,2.0799999,
,,,-760.000082664E-6,2.0799999,
,,,-759.000075050E-6,2.0799999,
,,,-758.000067435E-6,2.0999999,
,,,-757.000059821E-6,2.0999999,
,,,-756.000052206E-6,2.0999999,
,,,-755.000044592E-6,2.1199999,
,,,-754.000095185E-6,2.1399999,
,,,-753.000087570E-6,2.1399999,
,,,-752.000079956E-6,2.1599998,
,,,-751.000072341E-6,2.1599998,
,,,-750.000064727E-6,2.1800001,
,,,-749.000057112E-6,2.2000000,
,,,-748.000049498E-6,2.2000000,
,,,-747.000041883E-6,2.2200000,
,,,-746.000092477E-6,2.2200000,
,,,-745.000084862E-6,2.2400000,
,,,-744.000077248E-6,2.2400000,
,,,-743.000069633E-6,2.2600000,
,,,-742.000062019E-6,2.2800000,
,,,-741.000054404E-6,2.2800000,
,,,-740.000046790E-6,2.2800000,
,,,-739.000039175E-6,2.3000000,
,,,-738.000089768E-6,2.3000000,
,,,-737.000082154E-6,2.3199999,
,,,-736.000074539E-6,2.3199999,
,,,-735.000066925E-6,2.3399999,
,,,-734.000059310E-6,2.3399999,
,,,-733.000051696E-6,2.3599999,
,,,-732.000044081E-6,2.3599999,
,,,-731.000094675E-6,2.3799999,
,,,-730.000087060E-6,2.3799999,
,,,-729.000079446E-6,2.3799999,
,,,-728.000071831E-6,2.3999999,
,,,-727.000064217E-6,2.3999999,
,,,-726.000056602E-6,2.4199998,
,,,-725.000048988E-6,2.4199998,
,,,-724.000041373E-6,2.4400001,
,,,-723.000091966E-6,2.4600000,
,,,-722.000084352E-6,2.4600000,
,,,-721.000076737E-6,2.4600000,
,,,-720.000069123E-6,2.4800000,
,,,-719.000061508E-6,2.5000000,
,,,-718.000053894E-6,2.5000000,
,,,-717.000046279E-6,2.5200000,
,,,-716.000038665E-6,2.5200000,
,,,-715.000089258E-6,2.5200000,
,,,-714.000081643E-6,2.5400000,
,,,-713.000074029E-6,2.5599999,
,,,-712.000066414E-6,2.5599999,
,,,-711.000058800E-6,2.5799999,
,,,-710.000051185E-6,2.5799999,
,,,-709.000043571E-6,2.5999999,
,,,-708.000094164E-6,2.5999999,
,,,-707.000086550E-6,2.6199999,
,,,-706.000078935E-6,2.6399999,
,,,-705.000071321E-6,2.6199999,
,,,-704.000063706E-6,2.6399999,
,,,-703.000056092E-6,2.6599998,
,,,-702.000048477E-6,2.6599998,
,,,-701.000040863E-6,2.6799998,
,,,-700.000091456E-6,2.7000000,
,,,-699.000083841E-6,2.6799998,
,,,-698.000076227E-6,2.72000003,
,,,-697.000068612E-6,2.72000003,
,,,-696.000060998E-6,2.72000003,
,,,-695.000053383E-6,2.74000001,
,,,-694.000045769E-6,2.74000001,
,,,-693.000038154E-6,2.75999999,
,,,-692.000088748E-6,2.75999999,
,,,-691.000081133E-6,2.77999997,
,,,-690.000073519E-6,2.77999997,
,,,-689.000065904E-6,2.79999995,
,,,-688.000058290E-6,2.79999995,
,,,-687.000050675E-6,2.79999995,
,,,-686.000043061E-6,2.79999995,
,,,-685.000093654E-6,2.79999995,
,,,-684.000086039E-6,2.77999997,
,,,-683.000078425E-6,2.75999999,
,,,-682.000070810E-6,2.75999999,
,,,-681.000063196E-6,2.75999999,
,,,-680.000055581E-6,2.74000001,
,,,-679.000047967E-6,2.74000001,
,,,-678.000040352E-6,2.72000003,
,,,-677.000090946E-6,2.7000000,
,,,-676.000083331E-6,2.6799998,
,,,-675.000075717E-6,2.6799998,
,,,-674.000068102E-6,2.6599998,
,,,-673.000060488E-6,2.6599998,
,,,-672.000052873E-6,2.6599998,
,,,-671.000045259E-6,2.6399999,
,,,-670.000095852E-6,2.6599998,
,,,-669.000088237E-6,2.6399999,
,,,-668.000080623E-6,2.6199999,
,,,-667.000073008E-6,2.5999999,
,,,-666.000065394E-6,2.5799999,
,,,-665.000057779E-6,2.5799999,
,,,-664.000050165E-6,2.5799999,
,,,-663.000042550E-6,2.5799999,
,,,-662.000093143E-6,2.5599999,
,,,-661.000085529E-6,2.5400000,
,,,-660.000077914E-6,2.5200000,
,,,-659.000070300E-6,2.5200000,
,,,-658.000062685E-6,2.5000000,
,,,-657.000055071E-6,2.5200000,
,,,-656.000047456E-6,2.5000000,
,,,-655.000039842E-6,2.4800000,
,,,-654.000090435E-6,2.4800000,
,,,-653.000082821E-6,2.4600000,
,,,-652.000075206E-6,2.4600000,
,,,-651.000067592E-6,2.4400001,
,,,-650.000059977E-6,2.4400001,
,,,-649.000052363E-6,2.4400001,
,,,-648.000044748E-6,2.4199998,
,,,-647.000095341E-6,2.3999999,
,,,-646.000087727E-6,2.3999999,
,,,-645.000080112E-6,2.3999999,
,,,-644.000072498E-6,2.3799999,
,,,-643.000064883E-6,2.3799999,
,,,-642.000057269E-6,2.3599999,
,,,-641.000049654E-6,2.3599999,
,,,-640.000042040E-6,2.3599999,
,,,-639.000092633E-6,2.3399999,
,,,-638.000085019E-6,2.3199999,
,,,-637.000077404E-6,2.3000000,
,,,-636.000069790E-6,2.3000000,
,,,-635.000062175E-6,2.2800000,
,,,-634.000054561E-6,2.2800000,
,,,-633.000046946E-6,2.2600000,
,,,-632.000039332E-6,2.2600000,
,,,-631.000089925E-6,2.2400000,
,,,-630.000082310E-6,2.2600000,
,,,-629.000074696E-6,2.2200000,
,,,-628.000067081E-6,2.2200000,
,,,-627.000059467E-6,2.2000000,
,,,-626.000051852E-6,2.1800001,
,,,-625.000044238E-6,2.1800001,
,,,-624.000094831E-6,2.1800001,
,,,-623.000087216E-6,2.1599998,
,,,-622.000079602E-6,2.1399999,
,,,-621.000071988E-6,2.1399999,
,,,-620.000064373E-6,2.1399999,
,,,-619.000056759E-6,2.1199999,
,,,-618.000049144E-6,2.1199999,
,,,-617.000041530E-6,2.0999999,
,,,-616.000092123E-6,2.0799999,
,,,-615.000084508E-6,2.0799999,
,,,-614.000076894E-6,2.0599999,
,,,-613.000069279E-6,2.0799999,
,,,-612.000061665E-6,2.0599999,
,,,-611.000054050E-6,2.0400000,
,,,-610.000046436E-6,2.0200000,
,,,-609.000038821E-6,2.0000000,
,,,-608.000089414E-6,2.0000000,
,,,-607.000081800E-6,2.0000000,
,,,-606.000074185E-6,1.9799999,
,,,-605.000066571E-6,1.9799999,
,,,-604.000058956E-6,1.9599999,
,,,-603.000051342E-6,1.9599999,
,,,-602.000043727E-6,1.9399999,
,,,-601.000094321E-6,1.9399999,
,,,-600.000086706E-6,1.9200000,
,,,-599.000079092E-6,1.9399999,
,,,-598.000071477E-6,1.9000000,
,,,-597.000063863E-6,1.9000000,
,,,-596.000056248E-6,1.9000000,
,,,-595.000048634E-6,1.8800000,
,,,-594.000041019E-6,1.8800000,
,,,-593.000091612E-6,1.8800000,
,,,-592.000083998E-6,1.8600000,
,,,-591.000076383E-6,1.8399999,
,,,-590.000068769E-6,1.8399999,
,,,-589.000061154E-6,1.8199999,
,,,-588.000053540E-6,1.8199999,
,,,-587.000045925E-6,1.7800000,
,,,-586.000038311E-6,1.7800000,
,,,-585.000088904E-6,1.7800000,
,,,-584.000081290E-6,1.7800000,
,,,-583.000073675E-6,1.7600000,
,,,-582.000066061E-6,1.7800000,
,,,-581.000058446E-6,1.7600000,
,,,-580.000050832E-6,1.7400000,
,,,-579.000043217E-6,1.6999999,
,,,-578.000093810E-6,1.6999999,
,,,-577.000086196E-6,1.6799999,
,,,-576.000078581E-6,1.6799999,
,,,-575.000070967E-6,1.6799999,
,,,-574.000063352E-6,1.6799999,
,,,-573.000055738E-6,1.6600000,
,,,-572.000048123E-6,1.6400000,
,,,-571.000040509E-6,1.6200000,
,,,-570.000091102E-6,1.6200000,
,,,-569.000083487E-6,1.6200000,
,,,-568.000075873E-6,1.6200000,
,,,-567.000068258E-6,1.5999999,
,,,-566.000060644E-6,1.5799999,
,,,-565.000053030E-6,1.5799999,
,,,-564.000045415E-6,1.5599999,
,,,-563.000096008E-6,1.5599999,
,,,-562.000088394E-6,1.5400000,
,,,-561.000080779E-6,1.5400000,
,,,-560.000073165E-6,1.5200000,
,,,-559.000065550E-6,1.5200000,
,,,-558.000057936E-6,1.5000000,
,,,-557.000050321E-6,1.5000000,
,,,-556.000042707E-6,1.4800000,
,,,-555.000093300E-6,1.4800000,
,,,-554.000085685E-6,1.4599999,
,,,-553.000078071E-6,1.4599999,
,,,-552.000070456E-6,1.4399999,
,,,-551.000062842E-6,1.4200000,
,,,-550.000055227E-6,1.4000000,
,,,-549.000047613E-6,1.4200000,
,,,-548.000039998E-6,1.4000000,
,,,-547.000090592E-6,1.4000000,
,,,-546.000082977E-6,1.3800000,
,,,-545.000075363E-6,1.3600000,
,,,-544.000067748E-6,1.3600000,
,,,-543.000060134E-6,1.3399999,
,,,-542.000052519E-6,1.3399999,
,,,-541.000044905E-6,1.3399999,
,,,-540.000095498E-6,1.3199999,
,,,-539.000087883E-6,1.3000000,
,,,-538.000080269E-6,1.3000000,
,,,-537.000072654E-6,1.3000000,
,,,-536.000065040E-6,1.2800000,
,,,-535.000057425E-6,1.2600000,
,,,-534.000049811E-6,1.2600000,
,,,-533.000042196E-6,1.2400000,
,,,-532.000092790E-6,1.2400000,
,,,-531.000085175E-6,1.2600000,
,,,-530.000077561E-6,1.2200000,
,,,-529.000069946E-6,1.2200000,
,,,-528.000062332E-6,1.1999999,
,,,-527.000054717E-6,1.1999999,
,,,-526.000047103E-6,1.1799999,
,,,-525.000039488E-6,1.1600000,
,,,-524.000090081E-6,1.1600000,
,,,-523.000082467E-6,1.1400000,
,,,-522.000074852E-6,1.1400000,
,,,-521.000067238E-6,1.1200000,
,,,-520.000059623E-6,1.1200000,
,,,-519.000052009E-6,1.1000000,
,,,-518.000044394E-6,1.1000000,
,,,-517.000094987E-6,1.1000000,
,,,-516.000087373E-6,1.0799999,
,,,-515.000079758E-6,1.0799999,
,,,-514.000072144E-6,1.0599999,
,,,-513.000064529E-6,1.0599999,
,,,-512.000056915E-6,1.0200000,
,,,-511.000049300E-6,1.0200000,
,,,-510.000041686E-6,1.0200000,
,,,-509.000092279E-6,979.999959469E-3,
,,,-508.000084665E-6,1.000000,
,,,-507.000077050E-6,979.999959469E-3,
,,,-506.000069436E-6,959.999978542E-3,
,,,-505.000061821E-6,979.999959469E-3,
,,,-504.000054207E-6,959.999978542E-3,
,,,-503.000046592E-6,939.999997616E-3,
,,,-502.000038978E-6,919.999957085E-3,
,,,-501.000089571E-6,919.999957085E-3,
,,,-500.000081956E-6,919.999957085E-3,
,,,-499.000074342E-6,899.999976158E-3,
,,,-498.000066727E-6,899.999976158E-3,
,,,-497.000059113E-6,899.999976158E-3,
,,,-496.000051498E-6,879.999995232E-3,
,,,-495.000043884E-6,859.999954700E-3,
,,,-494.000094477E-6,839.999973774E-3,
,,,-493.000086863E-6,839.999973774E-3,
,,,-492.000079248E-6,839.999973774E-3,
,,,-491.000071634E-6,839.999973774E-3,
,,,-490.000064019E-6,799.999952316E-3,
,,,-489.000056405E-6,799.999952316E-3,
,,,-488.000077894E-6,779.999971390E-3,
,,,-487.000070279E-6,779.999971390E-3,
,,,-486.000062665E-6,779.999971390E-3,
,,,-485.000055050E-6,759.999990463E-3,
,,,-484.000076540E-6,759.999990463E-3,
,,,-483.000068925E-6,719.999969006E-3,
,,,-482.000061311E-6,719.999969006E-3,
,,,-481.000053696E-6,719.999969006E-3,
,,,-480.000075186E-6,699.999988079E-3,
,,,-479.000067571E-6,680.000007153E-3,
,,,-478.000059957E-6,680.000007153E-3,
,,,-477.000081446E-6,680.000007153E-3,
,,,-476.000073832E-6,680.000007153E-3,
,,,-475.000066217E-6,659.999966621E-3,
,,,-474.000058603E-6,639.999985695E-3,
,,,-473.000080092E-6,620.000004768E-3,
,,,-472.000072477E-6,620.000004768E-3,
,,,-471.000064863E-6,620.000004768E-3,
,,,-470.000057248E-6,599.999964237E-3,
,,,-469.000078738E-6,599.999964237E-3,
,,,-468.000071123E-6,579.999983311E-3,
,,,-467.000063509E-6,579.999983311E-3,
,,,-466.000055894E-6,560.000002384E-3,
,,,-465.000077384E-6,539.999961853E-3,
,,,-464.000069769E-6,560.000002384E-3,
,,,-463.000062155E-6,539.999961853E-3,
,,,-462.000054540E-6,519.999980927E-3,
,,,-461.000076029E-6,519.999980927E-3,
,,,-460.000068415E-6,500.000000000E-3,
,,,-459.000060800E-6,500.000000000E-3,
,,,-458.000053186E-6,479.999989271E-3,
,,,-457.000074675E-6,459.999978542E-3,
,,,-456.000067061E-6,459.999978542E-3,
,,,-455.000059446E-6,439.999997616E-3,
,,,-454.000080936E-6,459.999978542E-3,
,,,-453.000073321E-6,439.999997616E-3,
,,,-452.000065707E-6,419.999986887E-3,
,,,-451.000058092E-6,399.99997616E-3,
,,,-450.000079582E-6,379.99999523E-3,
,,,-449.000071967E-6,399.99997616E-3,
,,,-448.000064353E-6,379.99999523E-3,
,,,-447.000056738E-6,379.99999523E-3,
,,,-446.000078227E-6,359.99998450E-3,
,,,-445.000070613E-6,359.99998450E-3,
,,,-444.000062998E-6,340.00000358E-3,
,,,-443.000055384E-6,319.99999285E-3,
,,,-442.000076873E-6,319.99999285E-3,
,,,-441.000069259E-6,319.99999285E-3,
,,,-440.000061644E-6,299.99998212E-3,
,,,-439.000054030E-6,319.99999285E-3,
,,,-438.000075519E-6,280.00000119E-3,
,,,-437.000067905E-6,259.99999046E-3,
,,,-436.000060290E-6,299.99998212E-3,
,,,-435.000081779E-6,319.99999285E-3,
,,,-434.000074165E-6,299.99998212E-3,
,,,-433.000066550E-6,319.99999285E-3,
,,,-432.000058936E-6,319.99999285E-3,
,,,-431.000080425E-6,340.00000358E-3,
,,,-430.000072811E-6,359.99998450E-3,
,,,-429.000065196E-6,359.99998450E-3,
,,,-428.000057582E-6,379.99999523E-3,
,,,-427.000079071E-6,379.99999523E-3,
,,,-426.000071457E-6,379.99999523E-3,
,,,-425.000063842E-6,379.99999523E-3,
,,,-424.000056228E-6,399.99997616E-3,
,,,-423.000077717E-6,399.99997616E-3,
,,,-422.000070103E-6,439.999997616E-3,
,,,-421.000062488E-6,439.999997616E-3,
,,,-420.000054874E-6,439.999997616E-3,
,,,-419.000076363E-6,439.999997616E-3,
,,,-418.000068748E-6,459.999978542E-3,
,,,-417.000061134E-6,500.000000000E-3,
,,,-416.000053519E-6,500.000000000E-3,
,,,-415.000075009E-6,519.999980927E-3,
,,,-414.000067394E-6,519.999980927E-3,
,,,-413.000059780E-6,519.999980927E-3,
,,,-412.000081269E-6,539.999961853E-3,
,,,-411.000073655E-6,539.999961853E-3,
,,,-410.000066040E-6,539.999961853E-3,
,,,-409.000058426E-6,560.000002384E-3,
,,,-408.000079915E-6,579.999983311E-3,
,,,-407.000072300E-6,579.999983311E-3,
,,,-406.000064686E-6,579.999983311E-3,
,,,-405.000057071E-6,599.999964237E-3,
,,,-404.000078561E-6,599.999964237E-3,
,,,-403.00007095E-6,620.000004768E-3,
,,,-402.00006333E-6,639.999985695E-3,
,,,-401.00005572E-6,639.999985695E-3,
,,,-400.00007721E-6,659.999966621E-3,
,,,-399.00006959E-6,680.000007153E-3,
,,,-398.00006198E-6,659.999966621E-3,
,,,-397.00005436E-6,680.000007153E-3,
,,,-396.00007585E-6,680.000007153E-3,
,,,-395.00006824E-6,699.999988079E-3,
,,,-394.00006062E-6,699.999988079E-3,
,,,-393.00008211E-6,719.999969006E-3,
,,,-392.00007450E-6,719.999969006E-3,
,,,-391.00006688E-6,740.000009537E-3,
,,,-390.00005927E-6,759.999990463E-3,
,,,-389.00008076E-6,759.999990463E-3,
,,,-388.00007314E-6,779.999971390E-3,
,,,-387.00006553E-6,759.999990463E-3,
,,,-386.00005792E-6,799.999952316E-3,
,,,-385.00007940E-6,819.999992847E-3,
,,,-384.00007179E-6,819.999992847E-3,
,,,-383.00006418E-6,839.999973774E-3,
,,,-382.00005656E-6,839.999973774E-3,
,,,-381.00007805E-6,839.999973774E-3,
,,,-380.00007044E-6,879.999995232E-3,
,,,-379.00006282E-6,859.999954700E-3,
,,,-378.00005521E-6,879.999995232E-3,
,,,-377.00007670E-6,879.999995232E-3,
,,,-376.00006908E-6,899.999976158E-3,
,,,-375.00006147E-6,899.999976158E-3,
,,,-374.00005385E-6,919.999957085E-3,
,,,-373.00007534E-6,919.999957085E-3,
,,,-372.00006773E-6,939.999997616E-3,
,,,-371.00006011E-6,959.999978542E-3,
,,,-370.00008160E-6,939.999997616E-3,
,,,-369.00007399E-6,959.999978542E-3,
,,,-368.00006637E-6,979.999959469E-3,
,,,-367.00005876E-6,979.999959469E-3,
,,,-366.00008025E-6,979.999959469E-3,
,,,-365.00007263E-6,1.000000,
,,,-364.00006502E-6,1.0200000,
,,,-363.00005740E-6,1.0400000,
,,,-362.00007889E-6,1.0400000,
,,,-361.00007128E-6,1.0400000,
,,,-360.00006367E-6,1.0599999,
,,,-359.00005605E-6,1.0599999,
,,,-358.00007754E-6,1.0799999,
,,,-357.00006993E-6,1.1000000,
,,,-356.00006231E-6,1.1000000,
,,,-355.00005470E-6,1.1000000,
,,,-354.00007619E-6,1.1200000,
,,,-353.00006857E-6,1.1200000,
,,,-352.00006096E-6,1.1400000,
,,,-351.00005334E-6,1.1600000,
,,,-350.00007483E-6,1.1600000,
,,,-349.00006722E-6,1.1600000,
,,,-348.00005960E-6,1.1799999,
,,,-347.00008109E-6,1.1799999,
,,,-346.00007348E-6,1.1999999,
,,,-345.00006586E-6,1.2200000,
,,,-344.00005825E-6,1.1999999,
,,,-343.00007974E-6,1.2400000,
,,,-342.00007212E-6,1.2400000,
,,,-341.00006451E-6,1.2600000,
,,,-340.00005689E-6,1.2600000,
,,,-339.00007838E-6,1.2600000,
,,,-338.00007077E-6,1.2800000,
,,,-337.00006315E-6,1.3000000,
,,,-336.00005554E-6,1.3000000,
,,,-335.00007703E-6,1.3000000,
,,,-334.00006942E-6,1.3199999,
,,,-333.00006180E-6,1.3399999,
,,,-332.00005419E-6,1.3600000,
,,,-331.00007568E-6,1.3399999,
,,,-330.00006806E-6,1.3800000,
,,,-329.00006045E-6,1.3800000,
,,,-328.00008194E-6,1.3800000,
,,,-327.00007432E-6,1.3800000,
,,,-326.00006671E-6,1.4200000,
,,,-325.00005909E-6,1.4200000,
,,,-324.00008058E-6,1.4200000,
,,,-323.00007297E-6,1.4200000,
,,,-322.00006535E-6,1.4399999,
,,,-321.00005774E-6,1.4399999,
,,,-320.00007923E-6,1.4599999,
,,,-319.00007161E-6,1.4599999,
,,,-318.00006400E-6,1.4800000,
,,,-317.00005638E-6,1.5200000,
,,,-316.00007787E-6,1.5000000,
,,,-315.00007026E-6,1.5200000,
,,,-314.00006264E-6,1.5400000,
,,,-313.00005503E-6,1.5400000,
,,,-312.00007652E-6,1.5599999,
,,,-311.00006890E-6,1.5599999,
,,,-310.00006129E-6,1.5599999,
,,,-309.00005368E-6,1.5799999,
,,,-308.00007517E-6,1.5999999,
,,,-307.00006755E-6,1.5799999,
,,,-306.00005994E-6,1.6200000,
,,,-305.00008143E-6,1.6200000,
,,,-304.00007381E-6,1.6200000,
,,,-303.00006620E-6,1.6200000,
,,,-302.00005858E-6,1.6600000,
,,,-301.00008007E-6,1.6600000,
,,,-300.00007246E-6,1.6799999,
,,,-299.00006484E-6,1.6799999,
,,,-298.00005723E-6,1.6799999,
,,,-297.00007872E-6,1.6799999,
,,,-296.00007110E-6,1.7199999,
,,,-295.00006349E-6,1.6999999,
,,,-294.00005587E-6,1.7199999,
,,,-293.00007736E-6,1.7600000,
,,,-292.00006975E-6,1.7600000,
,,,-291.00006213E-6,1.7199999,
,,,-290.00005452E-6,1.7600000,
,,,-289.00007601E-6,1.7800000,
,,,-288.00006839E-6,1.7800000,
,,,-287.00006078E-6,1.7800000,
,,,-286.00008227E-6,1.8199999,
,,,-285.00007465E-6,1.8199999,
,,,-284.00006704E-6,1.8399999,
,,,-283.00005943E-6,1.8399999,
,,,-282.00008092E-6,1.8399999,
,,,-281.00007330E-6,1.8600000,
,,,-280.00006569E-6,1.8800000,
,,,-279.00005807E-6,1.8800000,
,,,-278.00007956E-6,1.9000000,
,,,-277.00007195E-6,1.9000000,
,,,-276.00006433E-6,1.9000000,
,,,-275.00005672E-6,1.9000000,
,,,-274.00007821E-6,1.9399999,
,,,-273.00007059E-6,1.9399999,
,,,-272.00006298E-6,1.9399999,
,,,-271.00005536E-6,1.9599999,
,,,-270.00007685E-6,1.9799999,
,,,-269.00006924E-6,1.9799999,
,,,-268.00006162E-6,2.0000000,
,,,-267.00005401E-6,2.0000000,
,,,-266.00007550E-6,2.0200000,
,,,-265.00006788E-6,2.0200000,
,,,-264.00006027E-6,2.0200000,
,,,-263.00008176E-6,2.0400000,
,,,-262.00007414E-6,2.0400000,
,,,-261.00006653E-6,2.0799999,
,,,-260.00005892E-6,2.0799999,
,,,-259.00008040E-6,2.0799999,
,,,-258.00007279E-6,2.0799999,
,,,-257.00006518E-6,2.0999999,
,,,-256.00005756E-6,2.1199999,
,,,-255.00007905E-6,2.1199999,
,,,-254.00007144E-6,2.1399999,
,,,-253.00006382E-6,2.1399999,
,,,-252.00005621E-6,2.1599998,
,,,-251.00007770E-6,2.1800001,
,,,-250.00007008E-6,2.2000000,
,,,-249.00006247E-6,2.1800001,
,,,-248.00005485E-6,2.2200000,
,,,-247.00007634E-6,2.2200000,
,,,-246.00006873E-6,2.2200000,
,,,-245.00006111E-6,2.2200000,
,,,-244.00006805E-6,2.2400000,
,,,-243.00007499E-6,2.2400000,
,,,-242.00006737E-6,2.2600000,
,,,-241.00007431E-6,2.2600000,
,,,-240.00006670E-6,2.3000000,
,,,-239.00007363E-6,2.2800000,
,,,-238.00006602E-6,2.3000000,
,,,-237.00007296E-6,2.3199999,
,,,-236.00006534E-6,2.3199999,
,,,-235.00007228E-6,2.3399999,
,,,-234.00006467E-6,2.3399999,
,,,-233.00007160E-6,2.3399999,
,,,-232.00006399E-6,2.3599999,
,,,-231.00007093E-6,2.3799999,
,,,-230.00006331E-6,2.3599999,
,,,-229.00007025E-6,2.3799999,
,,,-228.00006263E-6,2.3999999,
,,,-227.00006957E-6,2.4199998,
,,,-226.00006196E-6,2.4400001,
,,,-225.00006889E-6,2.4400001,
,,,-224.00006128E-6,2.4400001,
,,,-223.00006822E-6,2.4600000,
,,,-222.00007515E-6,2.4800000,
,,,-221.00006754E-6,2.4800000,
,,,-220.00007448E-6,2.5000000,
,,,-219.00006686E-6,2.5000000,
,,,-218.00007380E-6,2.5000000,
,,,-217.00006619E-6,2.5200000,
,,,-216.00007312E-6,2.5400000,
,,,-215.00006551E-6,2.5200000,
,,,-214.00007245E-6,2.5400000,
,,,-213.00006483E-6,2.5400000,
,,,-212.00007177E-6,2.5599999,
,,,-211.00006416E-6,2.5599999,
,,,-210.00007109E-6,2.5799999,
,,,-209.00006348E-6,2.5799999,
,,,-208.00007042E-6,2.5999999,
,,,-207.00006280E-6,2.6199999,
,,,-206.00006974E-6,2.6199999,
,,,-205.00006212E-6,2.6399999,
,,,-204.00006906E-6,2.6399999,
,,,-203.00006145E-6,2.6399999,
,,,-202.00006838E-6,2.6599998,
,,,-201.00007532E-6,2.6599998,
,,,-200.00006771E-6,2.6799998,
,,,-199.00007464E-6,2.7000000,
,,,-198.00006703E-6,2.7000000,
,,,-197.00007397E-6,2.7000000,
,,,-196.00006635E-6,2.7000000,
,,,-195.00007329E-6,2.74000001,
,,,-194.00006568E-6,2.74000001,
,,,-193.00007261E-6,2.75999999,
,,,-192.00006500E-6,2.74000001,
,,,-191.00007194E-6,2.75999999,
,,,-190.00006432E-6,2.79999995,
,,,-189.00007126E-6,2.77999997,
,,,-188.00006364E-6,2.79999995,
,,,-187.00007058E-6,2.81999993,
,,,-186.00006297E-6,2.79999995,
,,,-185.00006991E-6,2.79999995,
,,,-184.00006229E-6,2.77999997,
,,,-183.00006923E-6,2.75999999,
,,,-182.00006161E-6,2.75999999,
,,,-181.00006855E-6,2.74000001,
,,,-180.00006094E-6,2.74000001,
,,,-179.00006787E-6,2.74000001,
,,,-178.00007481E-6,2.7000000,
,,,-177.00006720E-6,2.7000000,
,,,-176.00007413E-6,2.7000000,
,,,-175.00006652E-6,2.6799998,
,,,-174.00007346E-6,2.6799998,
,,,-173.00006584E-6,2.6599998,
,,,-172.00007278E-6,2.6599998,
,,,-171.00006517E-6,2.6399999,
,,,-170.00007210E-6,2.6199999,
,,,-169.00006449E-6,2.6199999,
,,,-168.00007143E-6,2.6199999,
,,,-167.00006381E-6,2.5999999,
,,,-166.00007075E-6,2.5999999,
,,,-165.00006313E-6,2.5799999,
,,,-164.00007007E-6,2.5599999,
,,,-163.00006246E-6,2.5599999,
,,,-162.00006939E-6,2.5599999,
,,,-161.00006178E-6,2.5400000,
,,,-160.00006872E-6,2.5400000,
,,,-159.00006110E-6,2.5400000,
,,,-158.00006804E-6,2.5200000,
,,,-157.00007498E-6,2.5200000,
,,,-156.00006736E-6,2.5200000,
,,,-155.00007430E-6,2.5200000,
,,,-154.00006669E-6,2.4800000,
,,,-153.00007362E-6,2.4600000,
,,,-152.00006601E-6,2.4600000,
,,,-151.00007295E-6,2.4400001,
,,,-150.00006533E-6,2.4199998,
,,,-149.00007227E-6,2.4199998,
,,,-148.0000647E-6,2.4199998,
,,,-147.0000716E-6,2.4199998,
,,,-146.0000640E-6,2.3999999,
,,,-145.0000709E-6,2.3799999,
,,,-144.0000633E-6,2.3799999,
,,,-143.0000702E-6,2.3799999,
,,,-142.0000626E-6,2.3599999,
,,,-141.0000696E-6,2.3599999,
,,,-140.0000619E-6,2.3399999,
,,,-139.0000689E-6,2.3399999,
,,,-138.0000613E-6,2.3199999,
,,,-137.0000682E-6,2.3000000,
,,,-136.0000751E-6,2.3000000,
,,,-135.0000675E-6,2.2800000,
,,,-134.0000745E-6,2.2800000,
,,,-133.0000669E-6,2.2600000,
,,,-132.0000738E-6,2.2600000,
,,,-131.0000662E-6,2.2600000,
,,,-130.0000731E-6,2.2400000,
,,,-129.0000655E-6,2.2200000,
,,,-128.0000724E-6,2.2200000,
,,,-127.0000648E-6,2.2000000,
,,,-126.0000718E-6,2.2000000,
,,,-125.0000641E-6,2.2000000,
,,,-124.0000711E-6,2.1800001,
,,,-123.0000635E-6,2.1599998,
,,,-122.0000704E-6,2.1800001,
,,,-121.0000701E-6,2.1399999,
,,,-120.0000697E-6,2.1399999,
,,,-119.0000694E-6,2.1199999,
,,,-118.0000691E-6,2.0999999,
,,,-117.0000687E-6,2.0999999,
,,,-116.0000684E-6,2.0799999,
,,,-115.0000680E-6,2.0799999,
,,,-114.0000677E-6,2.0599999,
,,,-113.0000674E-6,2.0599999,
,,,-112.0000670E-6,2.0400000,
,,,-111.0000667E-6,2.0400000,
,,,-110.0000663E-6,2.0400000,
,,,-109.0000660E-6,2.0200000,
,,,-108.0000657E-6,2.0200000,
,,,-107.0000653E-6,2.0000000,
,,,-106.0000650E-6,1.9799999,
,,,-105.0000719E-6,1.9799999,
,,,-104.0000716E-6,1.9599999,
,,,-103.0000712E-6,1.9599999,
,,,-102.0000709E-6,1.9799999,
,,,-101.0000706E-6,1.9399999,
,,,-100.0000702E-6,1.9399999,
,,,-99.000069895E-6,1.9399999,
,,,-98.000069556E-6,1.9000000,
,,,-97.000069218E-6,1.9000000,
,,,-96.000068879E-6,1.8800000,
,,,-95.000068541E-6,1.8800000,
,,,-94.000068202E-6,1.8800000,
,,,-93.000067864E-6,1.8600000,
,,,-92.000067525E-6,1.8600000,
,,,-91.000067187E-6,1.8199999,
,,,-90.000066848E-6,1.8199999,
,,,-89.000066509E-6,1.8199999,
,,,-88.000066171E-6,1.8199999,
,,,-87.000065832E-6,1.8000000,
,,,-86.000065494E-6,1.8000000,
,,,-85.000065155E-6,1.8000000,
,,,-84.000072093E-6,1.7600000,
,,,-83.000071754E-6,1.7600000,
,,,-82.000071416E-6,1.7600000,
,,,-81.000071077E-6,1.7199999,
,,,-80.000070739E-6,1.7400000,
,,,-79.000070400E-6,1.7400000,
,,,-78.000070062E-6,1.7199999,
,,,-77.000069723E-6,1.6799999,
,,,-76.000069384E-6,1.6799999,
,,,-75.000069046E-6,1.6799999,
,,,-74.000068707E-6,1.6600000,
,,,-73.000068369E-6,1.6400000,
,,,-72.000068030E-6,1.6600000,
,,,-71.000067692E-6,1.6200000,
,,,-70.000067353E-6,1.6400000,
,,,-69.000067015E-6,1.6200000,
,,,-68.000066676E-6,1.6200000,
,,,-67.000066338E-6,1.5999999,
,,,-66.000065999E-6,1.5799999,
,,,-65.000065661E-6,1.5999999,
,,,-64.000065322E-6,1.5599999,
,,,-63.000064983E-6,1.5599999,
,,,-62.000071921E-6,1.5599999,
,,,-61.000067944E-6,1.5400000,
,,,-60.000067606E-6,1.5400000,
,,,-59.000067267E-6,1.5000000,
,,,-58.000066929E-6,1.5000000,
,,,-57.000070228E-6,1.5000000,
,,,-56.000069890E-6,1.4800000,
,,,-55.000069551E-6,1.4800000,
,,,-54.00006921E-6,1.4599999,
,,,-53.00006887E-6,1.4399999,
,,,-52.00006854E-6,1.4399999,
,,,-51.00006820E-6,1.4399999,
,,,-50.00006786E-6,1.4200000,
,,,-49.00006752E-6,1.4200000,
,,,-48.00006718E-6,1.4000000,
,,,-47.00006684E-6,1.3800000,
,,,-46.00007014E-6,1.3800000,
,,,-45.00006980E-6,1.3800000,
,,,-44.00006947E-6,1.3800000,
,,,-43.00006913E-6,1.3600000,
,,,-42.00006879E-6,1.3399999,
,,,-41.00006845E-6,1.3399999,
,,,-40.00006811E-6,1.3000000,
,,,-39.00006777E-6,1.3199999,
,,,-38.00006743E-6,1.3000000,
,,,-37.00006710E-6,1.3000000,
,,,-36.00007039E-6,1.2800000,
,,,-35.00007006E-6,1.2800000,
,,,-34.00006972E-6,1.2600000,
,,,-33.00006938E-6,1.2600000,
,,,-32.00006904E-6,1.2400000,
,,,-31.00006870E-6,1.2200000,
,,,-30.00006836E-6,1.2200000,
,,,-29.00006803E-6,1.2200000,
,,,-28.00006769E-6,1.1999999,
,,,-27.00006917E-6,1.1799999,
,,,-26.00006883E-6,1.1600000,
,,,-25.00006849E-6,1.1799999,
,,,-24.00006815E-6,1.1400000,
,,,-23.00006781E-6,1.1600000,
,,,-22.00006929E-6,1.1200000,
,,,-21.00006895E-6,1.1200000,
,,,-20.0000686E-6,1.1200000,
,,,-19.0000683E-6,1.1000000,
,,,-18.0000679E-6,1.1000000,
,,,-17.0000694E-6,1.0799999,
,,,-16.0000691E-6,1.0799999,
,,,-15.0000687E-6,1.0799999,
,,,-14.0000684E-6,1.0400000,
,,,-13.0000690E-6,1.0400000,
,,,-12.0000686E-6,1.0200000,
,,,-11.0000683E-6,1.0400000,
,,,-10.0000689E-6,1.0200000,
,,,-9.000068530E-6,1.000000,
,,,-8.000068192E-6,979.999959469E-3,
,,,-7.00006876E-6,979.999959469E-3,
,,,-6.00006842E-6,959.999978542E-3,
,,,-5.00006854E-6,959.999978542E-3,
,,,-4.00006866E-6,959.999978542E-3,
,,,-3.00006877E-6,939.999997616E-3,
,,,-2.0000687E-6,939.999997616E-3,
,,,-1.0000687E-6,919.999957085E-3,
,,,-68.666849703E-12,899.999976158E-3,
,,,999.931330625E-9,919.999957085E-3,
,,,1.9999313E-6,899.999976158E-3,
,,,2.99993144E-6,879.999995232E-3,
,,,3.99993132E-6,879.999995232E-3,
,,,4.99993121E-6,859.999954700E-3,
,,,5.99993109E-6,819.999992847E-3,
,,,6.99993143E-6,839.999973774E-3,
,,,7.999931768E-6,839.999973774E-3,
,,,8.999931197E-6,839.999973774E-3,
,,,9.999931535E-6,799.999952316E-3,
,,,10.9999310E-6,779.999971390E-3,
,,,11.9999313E-6,799.999952316E-3,
,,,12.9999316E-6,779.999971390E-3,
,,,13.9999311E-6,759.999990463E-3,
,,,14.9999314E-6,740.000009537E-3,
,,,15.9999308E-6,759.999990463E-3,
,,,16.9999312E-6,759.999990463E-3,
,,,17.9999315E-6,719.999969006E-3,
,,,18.9999319E-6,719.999969006E-3,
,,,19.9999304E-6,699.999988079E-3,
,,,20.99993071E-6,699.999988079E-3,
,,,21.99993105E-6,680.000007153E-3,
,,,22.99993139E-6,659.999966621E-3,
,,,23.99993173E-6,639.999985695E-3,
,,,24.99993207E-6,659.999966621E-3,
,,,25.99993059E-6,659.999966621E-3,
,,,26.99993092E-6,639.999985695E-3,
,,,27.99993126E-6,620.000004768E-3,
,,,28.99993160E-6,620.000004768E-3,
,,,29.99993194E-6,579.999983311E-3,
,,,30.99993046E-6,599.999964237E-3,
,,,31.99993080E-6,579.999983311E-3,
,,,32.99993114E-6,579.999983311E-3,
,,,33.99993147E-6,579.999983311E-3,
,,,34.99993181E-6,579.999983311E-3,
,,,35.99993215E-6,539.999961853E-3,
,,,36.99993249E-6,519.999980927E-3,
,,,37.99993283E-6,519.999980927E-3,
,,,38.99992953E-6,519.999980927E-3,
,,,39.99992987E-6,500.000000000E-3,
,,,40.99993021E-6,500.000000000E-3,
,,,41.99993054E-6,459.999978542E-3,
,,,42.99993088E-6,479.999989271E-3,
,,,43.99993122E-6,459.999978542E-3,
,,,44.99993156E-6,439.999997616E-3,
,,,45.99993190E-6,439.999997616E-3,
,,,46.99993224E-6,439.999997616E-3,
,,,47.99993258E-6,419.999986887E-3,
,,,48.99993291E-6,399.99997616E-3,
,,,49.99992962E-6,399.99997616E-3,
,,,50.99992995E-6,379.99999523E-3,
,,,51.99993029E-6,379.99999523E-3,
,,,52.99993063E-6,379.99999523E-3,
,,,53.99993097E-6,340.00000358E-3,
,,,54.999931308E-6,340.00000358E-3,
,,,55.999931647E-6,319.99999285E-3,
,,,56.999931985E-6,340.00000358E-3,
,,,57.999932324E-6,319.99999285E-3,
,,,58.999932662E-6,319.99999285E-3,
,,,59.999933001E-6,299.99998212E-3,
,,,60.999929701E-6,280.00000119E-3,
,,,61.999933678E-6,280.00000119E-3,
,,,62.999934016E-6,259.99999046E-3,
,,,63.999934355E-6,280.00000119E-3,
,,,64.999934693E-6,299.99998212E-3,
,,,65.999927756E-6,299.99998212E-3,
,,,66.999928094E-6,319.99999285E-3,
,,,67.999928433E-6,340.00000358E-3,
,,,68.999928772E-6,340.00000358E-3,
,,,69.999929110E-6,359.99998450E-3,
,,,70.999929449E-6,359.99998450E-3,
,,,71.999929787E-6,379.99999523E-3,
,,,72.999930126E-6,379.99999523E-3,
,,,73.999930464E-6,379.99999523E-3,
,,,74.999930803E-6,379.99999523E-3,
,,,75.999931141E-6,419.999986887E-3,
,,,76.999931480E-6,419.999986887E-3,
,,,77.999931818E-6,439.999997616E-3,
,,,78.999932157E-6,439.999997616E-3,
,,,79.999932495E-6,439.999997616E-3,
,,,80.999932834E-6,439.999997616E-3,
,,,81.999933172E-6,459.999978542E-3,
,,,82.999933511E-6,479.999989271E-3,
,,,83.999933850E-6,479.999989271E-3,
,,,84.999934188E-6,500.000000000E-3,
,,,85.999934527E-6,519.999980927E-3,
,,,86.999927589E-6,519.999980927E-3,
,,,87.999927928E-6,519.999980927E-3,
,,,88.999928266E-6,519.999980927E-3,
,,,89.999928605E-6,539.999961853E-3,
,,,90.999928943E-6,560.000002384E-3,
,,,91.999929282E-6,560.000002384E-3,
,,,92.999929620E-6,579.999983311E-3,
,,,93.999929959E-6,579.999983311E-3,
,,,94.999930297E-6,599.999964237E-3,
,,,95.999930636E-6,620.000004768E-3,
,,,96.999930975E-6,639.999985695E-3,
,,,97.999931313E-6,599.999964237E-3,
,,,98.999931652E-6,639.999985695E-3,
,,,99.999931990E-6,659.999966621E-3,
,,,100.9999323E-6,639.999985695E-3,
,,,101.9999327E-6,659.999966621E-3,
,,,102.9999330E-6,699.999988079E-3,
,,,103.9999333E-6,680.000007153E-3,
,,,104.9999337E-6,699.999988079E-3,
,,,105.9999340E-6,719.999969006E-3,
,,,106.9999344E-6,719.999969006E-3,
,,,107.9999347E-6,740.000009537E-3,
,,,108.9999278E-6,740.000009537E-3,
,,,109.9999281E-6,759.999990463E-3,
,,,110.9999284E-6,759.999990463E-3,
,,,111.9999288E-6,759.999990463E-3,
,,,112.9999291E-6,779.999971390E-3,
,,,113.9999295E-6,799.999952316E-3,
,,,114.9999298E-6,799.999952316E-3,
,,,115.9999301E-6,799.999952316E-3,
,,,116.9999305E-6,819.999992847E-3,
,,,117.9999308E-6,819.999992847E-3,
,,,118.9999311E-6,839.999973774E-3,
,,,119.9999315E-6,839.999973774E-3,
,,,120.9999318E-6,879.999995232E-3,
,,,121.9999322E-6,859.999954700E-3,
,,,122.9999325E-6,859.999954700E-3,
,,,123.9999256E-6,899.999976158E-3,
,,,124.9999332E-6,899.999976158E-3,
,,,125.9999262E-6,919.999957085E-3,
,,,126.9999339E-6,919.999957085E-3,
,,,127.9999269E-6,939.999997616E-3,
,,,128.9999345E-6,919.999957085E-3,
,,,129.9999276E-6,939.999997616E-3,
,,,130.9999352E-6,959.999978542E-3,
,,,131.9999283E-6,979.999959469E-3,
,,,132.9999359E-6,979.999959469E-3,
,,,133.9999289E-6,979.999959469E-3,
,,,134.9999366E-6,1.0200000,
,,,135.9999296E-6,1.000000,
,,,136.9999372E-6,1.0400000,
,,,137.9999303E-6,1.0400000,
,,,138.9999379E-6,1.0400000,
,,,139.9999310E-6,1.0400000,
,,,140.9999240E-6,1.0799999,
,,,141.9999317E-6,1.0599999,
,,,142.9999247E-6,1.0799999,
,,,143.9999323E-6,1.1000000,
,,,144.9999254E-6,1.1000000,
,,,145.9999330E-6,1.1200000,
,,,146.9999261E-6,1.1200000,
,,,147.9999337E-6,1.1400000,
,,,148.99992675E-6,1.1600000,
,,,149.99993437E-6,1.1600000,
,,,150.99992743E-6,1.1600000,
,,,151.99993504E-6,1.1799999,
,,,152.99992810E-6,1.1600000,
,,,153.99993572E-6,1.1999999,
,,,154.99992878E-6,1.2200000,
,,,155.99993640E-6,1.2200000,
,,,156.99992946E-6,1.2200000,
,,,157.99993707E-6,1.2600000,
,,,158.99993014E-6,1.2600000,
,,,159.99993775E-6,1.2600000,
,,,160.99993081E-6,1.2800000,
,,,161.99992388E-6,1.3000000,
,,,162.99993149E-6,1.2800000,
,,,163.99992455E-6,1.3000000,
,,,164.99993217E-6,1.3000000,
,,,165.99992523E-6,1.3199999,
,,,166.99993284E-6,1.3199999,
,,,167.99992591E-6,1.3399999,
,,,168.99993352E-6,1.3600000,
,,,169.99992658E-6,1.3600000,
,,,170.99993420E-6,1.3800000,
,,,171.99992726E-6,1.3800000,
,,,172.99993488E-6,1.4000000,
,,,173.99992794E-6,1.4000000,
,,,174.99993555E-6,1.4200000,
,,,175.99992862E-6,1.4000000,
,,,176.99993623E-6,1.4200000,
,,,177.99992929E-6,1.4399999,
,,,178.99993691E-6,1.4599999,
,,,179.99992997E-6,1.4599999,
,,,180.99993758E-6,1.4800000,
,,,181.99993065E-6,1.4800000,
,,,182.99992371E-6,1.5000000,
,,,183.99993132E-6,1.5000000,
,,,184.99992439E-6,1.5200000,
,,,185.99993200E-6,1.5200000,
,,,186.99992506E-6,1.5400000,
,,,187.99993268E-6,1.5599999,
,,,188.99992574E-6,1.5599999,
,,,189.99993335E-6,1.5799999,
,,,190.99992642E-6,1.5599999,
,,,191.99993403E-6,1.5799999,
,,,192.99992709E-6,1.6200000,
,,,193.99993471E-6,1.6200000,
,,,194.99992777E-6,1.6200000,
,,,195.99993539E-6,1.6200000,
,,,196.99992845E-6,1.6200000,
,,,197.99993606E-6,1.6400000,
,,,198.99992913E-6,1.6600000,
,,,199.99993674E-6,1.6600000,
,,,200.99992980E-6,1.6799999,
,,,201.99993742E-6,1.6999999,
,,,202.99993048E-6,1.6999999,
,,,203.99992354E-6,1.7199999,
,,,204.99993116E-6,1.7199999,
,,,205.99992422E-6,1.7400000,
,,,206.99993183E-6,1.7199999,
,,,207.99992490E-6,1.7600000,
,,,208.99993251E-6,1.7600000,
,,,209.99992557E-6,1.7800000,
,,,210.99993319E-6,1.7600000,
,,,211.99992625E-6,1.8000000,
,,,212.99993386E-6,1.8000000,
,,,213.99992693E-6,1.8000000,
,,,214.99993454E-6,1.8199999,
,,,215.99992760E-6,1.8199999,
,,,216.99993522E-6,1.8199999,
,,,217.99992828E-6,1.8399999,
,,,218.99993590E-6,1.8600000,
,,,219.99992896E-6,1.8600000,
,,,220.99993657E-6,1.8800000,
,,,221.99992964E-6,1.8800000,
,,,222.99993725E-6,1.9000000,
,,,223.99993031E-6,1.9200000,
,,,224.99993793E-6,1.9200000,
,,,225.99993099E-6,1.9200000,
,,,226.99992405E-6,1.9599999,
,,,227.99993167E-6,1.9599999,
,,,228.99992473E-6,1.9599999,
,,,229.99993234E-6,2.0000000,
,,,230.99992541E-6,2.0000000,
,,,231.99993302E-6,2.0000000,
,,,232.99992608E-6,2.0000000,
,,,233.99993370E-6,2.0200000,
,,,234.99992676E-6,2.0200000,
,,,235.99993438E-6,2.0200000,
,,,236.99992744E-6,2.0400000,
,,,237.99993505E-6,2.0599999,
,,,238.99992811E-6,2.0799999,
,,,239.99993573E-6,2.0599999,
,,,240.99992879E-6,2.0999999,
,,,241.99993641E-6,2.0999999,
,,,242.99992947E-6,2.1199999,
,,,243.99993708E-6,2.1199999,
,,,244.99994470E-6,2.1399999,
,,,245.99992321E-6,2.1399999,
,,,246.99993082E-6,2.1399999,
,,,247.99993844E-6,2.1599998,
,,,248.99991695E-6,2.1800001,
,,,249.99992456E-6,2.2000000,
,,,250.99993218E-6,2.2000000,
,,,251.99993979E-6,2.2000000,
,,,252.99991830E-6,2.2000000,
,,,253.99992592E-6,2.2400000,
,,,254.99993353E-6,2.2400000,
,,,255.99994115E-6,2.2400000,
,,,256.99991966E-6,2.2600000,
,,,257.99992727E-6,2.2600000,
,,,258.99993489E-6,2.2600000,
,,,259.99994250E-6,2.3000000,
,,,260.99992101E-6,2.3000000,
,,,261.99992863E-6,2.3199999,
,,,262.99993624E-6,2.3000000,
,,,263.99994385E-6,2.3399999,
,,,264.99992236E-6,2.3399999,
,,,265.99992998E-6,2.3399999,
,,,266.99993759E-6,2.3599999,
,,,267.99994521E-6,2.3599999,
,,,268.99992372E-6,2.3799999,
,,,269.99993133E-6,2.3799999,
,,,270.99993895E-6,2.3799999,
,,,271.99991746E-6,2.3999999,
,,,272.99992507E-6,2.4199998,
,,,273.99993269E-6,2.4400001,
,,,274.99994030E-6,2.4400001,
,,,275.99991881E-6,2.4400001,
,,,276.99992643E-6,2.4600000,
,,,277.99993404E-6,2.4600000,
,,,278.99994166E-6,2.4800000,
,,,279.99992017E-6,2.4800000,
,,,280.99992778E-6,2.5200000,
,,,281.99993540E-6,2.5000000,
,,,282.99994301E-6,2.5200000,
,,,283.99992152E-6,2.5200000,
,,,284.99992914E-6,2.5400000,
,,,285.99993675E-6,2.5400000,
,,,286.99994436E-6,2.5599999,
,,,287.99992288E-6,2.5599999,
,,,288.99993049E-6,2.5599999,
,,,289.99993810E-6,2.5799999,
,,,290.99991661E-6,2.5999999,
,,,291.99992423E-6,2.5999999,
,,,292.99993184E-6,2.5999999,
,,,293.99993946E-6,2.6199999,
,,,294.99991797E-6,2.6399999,
,,,295.99992558E-6,2.6599998,
,,,296.99993320E-6,2.6599998,
,,,297.99994081E-6,2.6599998,
,,,298.99991932E-6,2.6799998,
,,,299.99992694E-6,2.7000000,
,,,300.99993455E-6,2.6799998,
,,,301.99994217E-6,2.7000000,
,,,302.99992068E-6,2.72000003,
,,,303.99992829E-6,2.72000003,
,,,304.99993591E-6,2.72000003,
,,,305.99994352E-6,2.74000001,
,,,306.99992203E-6,2.74000001,
,,,307.99992965E-6,2.75999999,
,,,308.99993726E-6,2.77999997,
,,,309.99994488E-6,2.79999995,
,,,310.99992339E-6,2.79999995,
,,,311.99993100E-6,2.81999993,
,,,312.99993861E-6,2.79999995,
,,,313.99991713E-6,2.77999997,
,,,314.99992474E-6,2.77999997,
,,,315.99993235E-6,2.75999999,
,,,316.99993997E-6,2.77999997,
,,,317.99991848E-6,2.75999999,
,,,318.99992609E-6,2.74000001,
,,,319.99993371E-6,2.74000001,
,,,320.99994132E-6,2.72000003,
,,,321.99991983E-6,2.72000003,
,,,322.99992745E-6,2.7000000,
,,,323.99993506E-6,2.7000000,
,,,324.99994268E-6,2.6799998,
,,,325.99992119E-6,2.6799998,
,,,326.99992880E-6,2.6599998,
,,,327.99993642E-6,2.6599998,
,,,328.99994403E-6,2.6599998,
,,,329.99992254E-6,2.6399999,
,,,330.99993016E-6,2.6199999,
,,,331.99993777E-6,2.6199999,
,,,332.99991628E-6,2.5999999,
,,,333.99992390E-6,2.5999999,
,,,334.99993151E-6,2.5999999,
,,,335.99993913E-6,2.5799999,
,,,336.99991764E-6,2.5599999,
,,,337.99992525E-6,2.5400000,
,,,338.99993286E-6,2.5599999,
,,,339.99994048E-6,2.5400000,
,,,340.99991899E-6,2.5200000,
,,,341.99992660E-6,2.5200000,
,,,342.99993422E-6,2.5200000,
,,,343.99994183E-6,2.5200000,
,,,344.99992034E-6,2.5000000,
,,,345.99992796E-6,2.4800000,
,,,346.99993557E-6,2.4800000,
,,,347.99994319E-6,2.4600000,
,,,348.99992170E-6,2.4400001,
,,,349.99992931E-6,2.4400001,
,,,350.99993693E-6,2.4199998,
,,,351.99994454E-6,2.4199998,
,,,352.99992305E-6,2.3999999,
,,,353.99993067E-6,2.3999999,
,,,354.99993828E-6,2.3799999,
,,,355.99991679E-6,2.3599999,
,,,356.99992441E-6,2.3599999,
,,,357.99993202E-6,2.3599999,
,,,358.99993964E-6,2.3399999,
,,,359.99991815E-6,2.3599999,
,,,360.99992576E-6,2.3399999,
,,,361.99993338E-6,2.3199999,
,,,362.99994099E-6,2.3199999,
,,,363.99991950E-6,2.3000000,
,,,364.99992711E-6,2.3000000,
,,,365.99993473E-6,2.3000000,
,,,366.99994234E-6,2.2800000,
,,,367.99992085E-6,2.2600000,
,,,368.99992847E-6,2.2600000,
,,,369.99993608E-6,2.2400000,
,,,370.99994370E-6,2.2200000,
,,,371.99992221E-6,2.2200000,
,,,372.99992982E-6,2.2000000,
,,,373.99993744E-6,2.2000000,
,,,374.99991595E-6,2.2000000,
,,,375.99992356E-6,2.1800001,
,,,376.99993118E-6,2.1599998,
,,,377.99993879E-6,2.1599998,
,,,378.99991730E-6,2.1399999,
,,,379.99992492E-6,2.1399999,
,,,380.99993253E-6,2.1399999,
,,,381.99994015E-6,2.1199999,
,,,382.99991866E-6,2.1199999,
,,,383.99992627E-6,2.0999999,
,,,384.99993389E-6,2.0799999,
,,,385.99994150E-6,2.0799999,
,,,386.99992001E-6,2.0599999,
,,,387.99992763E-6,2.0599999,
,,,388.99993524E-6,2.0400000,
,,,389.99994285E-6,2.0200000,
,,,390.99992136E-6,2.0200000,
,,,391.99992898E-6,2.0200000,
,,,392.99993659E-6,1.9799999,
,,,393.99994421E-6,2.0000000,
,,,394.99992272E-6,1.9799999,
,,,395.99993033E-6,1.9799999,
,,,396.99993795E-6,1.9599999,
,,,397.99991646E-6,1.9399999,
,,,398.99992407E-6,1.9599999,
,,,399.99993169E-6,1.9399999,
,,,400.99993930E-6,1.9200000,
,,,401.99991781E-6,1.9000000,
,,,402.99992543E-6,1.9000000,
,,,403.999933042E-6,1.8800000,
,,,404.999940656E-6,1.8800000,
,,,405.999919167E-6,1.8600000,
,,,406.999926781E-6,1.8600000,
,,,407.999934396E-6,1.8399999,
,,,408.999942010E-6,1.8399999,
,,,409.999920521E-6,1.8399999,
,,,410.999928135E-6,1.8199999,
,,,411.999935750E-6,1.8000000,
,,,412.999943364E-6,1.8199999,
,,,413.999921875E-6,1.8000000,
,,,414.999929490E-6,1.7800000,
,,,415.999937104E-6,1.7600000,
,,,416.999944719E-6,1.7600000,
,,,417.999923229E-6,1.7600000,
,,,418.999930844E-6,1.7199999,
,,,419.999938458E-6,1.7400000,
,,,420.999916969E-6,1.7400000,
,,,421.999924583E-6,1.7199999,
,,,422.999932198E-6,1.6799999,
,,,423.999939812E-6,1.6799999,
,,,424.999918323E-6,1.6799999,
,,,425.999925938E-6,1.6600000,
,,,426.999933552E-6,1.6600000,
,,,427.999941166E-6,1.6400000,
,,,428.999919677E-6,1.6200000,
,,,429.999927292E-6,1.6400000,
,,,430.999934906E-6,1.6200000,
,,,431.999942521E-6,1.6200000,
,,,432.999921031E-6,1.5799999,
,,,433.999928646E-6,1.5999999,
,,,434.999936260E-6,1.5599999,
,,,435.999943875E-6,1.5799999,
,,,436.999922385E-6,1.5599999,
,,,437.999930000E-6,1.5400000,
,,,438.999937614E-6,1.5200000,
,,,439.999916125E-6,1.5200000,
,,,440.999923740E-6,1.5400000,
,,,441.999931354E-6,1.5000000,
,,,442.999938969E-6,1.5000000,
,,,443.999917479E-6,1.4800000,
,,,444.999925094E-6,1.4800000,
,,,445.999932708E-6,1.4599999,
,,,446.999940323E-6,1.4599999,
,,,447.999918833E-6,1.4399999,
,,,448.999926448E-6,1.4200000,
,,,449.999934062E-6,1.4399999,
,,,450.999941677E-6,1.3800000,
,,,451.999920188E-6,1.4000000,
,,,452.999927802E-6,1.4000000,
,,,453.999935417E-6,1.3600000,
,,,454.999943031E-6,1.3600000,
,,,455.999921542E-6,1.3600000,
,,,456.999929156E-6,1.3399999,
,,,457.999936771E-6,1.3399999,
,,,458.999944385E-6,1.3199999,
,,,459.999922896E-6,1.3199999,
,,,460.999930510E-6,1.3000000,
,,,461.999938125E-6,1.2800000,
,,,462.999916635E-6,1.3000000,
,,,463.999924250E-6,1.2800000,
,,,464.999931864E-6,1.2800000,
,,,465.999939479E-6,1.2600000,
,,,466.999917990E-6,1.2600000,
,,,467.999925604E-6,1.2200000,
,,,468.999933219E-6,1.2200000,
,,,469.999940833E-6,1.2200000,
,,,470.999919344E-6,1.2400000,
,,,471.999926958E-6,1.1999999,
,,,472.999934573E-6,1.1799999,
,,,473.999942187E-6,1.1799999,
,,,474.999920698E-6,1.1600000,
,,,475.999928312E-6,1.1600000,
,,,476.999935927E-6,1.1400000,
,,,477.999943541E-6,1.1400000,
,,,478.999922052E-6,1.1400000,
,,,479.999929667E-6,1.1200000,
,,,480.999937281E-6,1.1000000,
,,,481.999915792E-6,1.0799999,
,,,482.999923406E-6,1.0799999,
,,,483.999931021E-6,1.0799999,
,,,484.999938635E-6,1.0599999,
,,,485.999917146E-6,1.0599999,
,,,486.999924760E-6,1.0400000,
,,,487.999932375E-6,1.0400000,
,,,488.999939989E-6,1.0200000,
,,,489.999947604E-6,1.000000,
,,,490.999955218E-6,1.000000,
,,,491.999904625E-6,1.000000,
,,,492.999912240E-6,979.999959469E-3,
,,,493.999919854E-6,979.999959469E-3,
,,,494.999927469E-6,959.999978542E-3,
,,,495.999935083E-6,939.999997616E-3,
,,,496.999942698E-6,939.999997616E-3,
,,,497.999950312E-6,939.999997616E-3,
,,,498.999957927E-6,939.999997616E-3,
,,,499.999907333E-6,919.999957085E-3,
,,,500.999914948E-6,899.999976158E-3,
,,,501.999922562E-6,899.999976158E-3,
,,,502.999930177E-6,879.999995232E-3,
,,,503.999937791E-6,879.999995232E-3,
,,,504.999945406E-6,859.999954700E-3,
,,,505.999953020E-6,859.999954700E-3,
,,,506.999902427E-6,859.999954700E-3,
,,,507.999910042E-6,819.999992847E-3,
,,,508.999917656E-6,799.999952316E-3,
,,,509.999925271E-6,799.999952316E-3,
,,,510.999932885E-6,779.999971390E-3,
,,,511.999940500E-6,779.999971390E-3,
,,,512.999948114E-6,779.999971390E-3,
,,,513.999955729E-6,779.999971390E-3,
,,,514.999905135E-6,759.999990463E-3,
,,,515.999912750E-6,759.999990463E-3,
,,,516.999920364E-6,759.999990463E-3,
,,,517.999927979E-6,719.999969006E-3,
,,,518.999935593E-6,719.999969006E-3,
,,,519.999943208E-6,719.999969006E-3,
,,,520.999950822E-6,699.999988079E-3,
,,,521.999958437E-6,680.000007153E-3,
,,,522.999907844E-6,699.999988079E-3,
,,,523.999915458E-6,659.999966621E-3,
,,,524.999923073E-6,659.999966621E-3,
,,,525.999930687E-6,659.999966621E-3,
,,,526.999938302E-6,620.000004768E-3,
,,,527.999945916E-6,620.000004768E-3,
,,,528.999953531E-6,620.000004768E-3,
,,,529.999902938E-6,599.999964237E-3,
,,,530.999910552E-6,579.999983311E-3,
,,,531.999918167E-6,579.999983311E-3,
,,,532.999925781E-6,579.999983311E-3,
,,,533.999933396E-6,560.000002384E-3,
,,,534.999941010E-6,560.000002384E-3,
,,,535.999948625E-6,539.999961853E-3,
,,,536.999956239E-6,539.999961853E-3,
,,,537.999905646E-6,539.999961853E-3,
,,,538.999913260E-6,519.999980927E-3,
,,,539.999920875E-6,519.999980927E-3,
,,,540.999928489E-6,500.000000000E-3,
,,,541.999936104E-6,479.999989271E-3,
,,,542.999943718E-6,459.999978542E-3,
,,,543.999951333E-6,459.999978542E-3,
,,,544.999958947E-6,439.999997616E-3,
,,,545.999908354E-6,439.999997616E-3,
,,,546.999915969E-6,419.999986887E-3,
,,,547.999923583E-6,439.999997616E-3,
,,,548.999931198E-6,419.999986887E-3,
,,,549.999938812E-6,419.999986887E-3,
,,,550.999946427E-6,399.99997616E-3,
,,,551.999954041E-6,379.99999523E-3,
,,,552.999903448E-6,379.99999523E-3,
,,,553.999911062E-6,340.00000358E-3,
,,,554.999918677E-6,359.99998450E-3,
,,,555.999926291E-6,340.00000358E-3,
,,,556.999933906E-6,340.00000358E-3,
,,,557.999941520E-6,319.99999285E-3,
,,,558.999949135E-6,299.99998212E-3,
,,,559.999956749E-6,299.99998212E-3,
,,,560.999906156E-6,299.99998212E-3,
,,,561.999913771E-6,280.00000119E-3,
,,,562.999921385E-6,280.00000119E-3,
,,,563.999929000E-6,299.99998212E-3,
,,,564.999936614E-6,280.00000119E-3,
,,,565.999944229E-6,319.99999285E-3,
,,,566.999951843E-6,299.99998212E-3,
,,,567.999901250E-6,340.00000358E-3,
,,,568.999908864E-6,340.00000358E-3,
,,,569.999916479E-6,359.99998450E-3,
,,,570.999924093E-6,340.00000358E-3,
,,,571.999931708E-6,359.99998450E-3,
,,,572.999939322E-6,379.99999523E-3,
,,,573.999946937E-6,379.99999523E-3,
,,,574.999954551E-6,399.99997616E-3,
,,,575.999903958E-6,419.999986887E-3,
,,,576.999911573E-6,399.99997616E-3,
,,,577.999919187E-6,419.999986887E-3,
,,,578.999926802E-6,439.999997616E-3,
,,,579.999934416E-6,459.999978542E-3,
,,,580.999942031E-6,479.999989271E-3,
,,,581.999949645E-6,459.999978542E-3,
,,,582.999957260E-6,500.000000000E-3,
,,,583.999906667E-6,479.999989271E-3,
,,,584.999914281E-6,500.000000000E-3,
,,,585.999921896E-6,500.000000000E-3,
,,,586.999929510E-6,519.999980927E-3,
,,,587.999937125E-6,519.999980927E-3,
,,,588.999944739E-6,560.000002384E-3,
,,,589.999952354E-6,560.000002384E-3,
,,,590.999901760E-6,560.000002384E-3,
,,,591.999909375E-6,560.000002384E-3,
,,,592.999916989E-6,579.999983311E-3,
,,,593.999924604E-6,579.999983311E-3,
,,,594.999932218E-6,579.999983311E-3,
,,,595.999939833E-6,599.999964237E-3,
,,,596.999947447E-6,599.999964237E-3,
,,,597.999955062E-6,639.999985695E-3,
,,,598.999904469E-6,639.999985695E-3,
,,,599.999912083E-6,639.999985695E-3,
,,,600.999919698E-6,639.999985695E-3,
,,,601.999927312E-6,680.000007153E-3,
,,,602.999934927E-6,699.999988079E-3,
,,,603.999942541E-6,680.000007153E-3,
,,,604.999950156E-6,699.999988079E-3,
,,,605.999957770E-6,719.999969006E-3,
,,,606.999907177E-6,719.999969006E-3,
,,,607.999914791E-6,719.999969006E-3,
,,,608.999922406E-6,740.000009537E-3,
,,,609.999930020E-6,759.999990463E-3,
,,,610.999937635E-6,759.999990463E-3,
,,,611.999945249E-6,779.999971390E-3,
,,,612.999952864E-6,779.999971390E-3,
,,,613.999902271E-6,779.999971390E-3,
,,,614.999909885E-6,799.999952316E-3,
,,,615.999917500E-6,819.999992847E-3,
,,,616.999925114E-6,819.999992847E-3,
,,,617.999932729E-6,839.999973774E-3,
,,,618.999940343E-6,839.999973774E-3,
,,,619.999947958E-6,859.999954700E-3,
,,,620.999955572E-6,879.999995232E-3,
,,,621.999904979E-6,859.999954700E-3,
,,,622.999912594E-6,879.999995232E-3,
,,,623.999920208E-6,879.999995232E-3,
,,,624.999927823E-6,919.999957085E-3,
,,,625.999935437E-6,919.999957085E-3,
,,,626.999943051E-6,939.999997616E-3,
,,,627.999950666E-6,939.999997616E-3,
,,,628.999958280E-6,939.999997616E-3,
,,,629.999907687E-6,959.999978542E-3,
,,,630.999915302E-6,959.999978542E-3,
,,,631.999922916E-6,959.999978542E-3,
,,,632.999930531E-6,979.999959469E-3,
,,,633.999938145E-6,1.000000,
,,,634.999945760E-6,1.000000,
,,,635.999953374E-6,1.0200000,
,,,636.999902781E-6,1.0400000,
,,,637.999910396E-6,1.0400000,
,,,638.999918010E-6,1.0400000,
,,,639.999925625E-6,1.0599999,
,,,640.999933239E-6,1.0599999,
,,,641.999940854E-6,1.0799999,
,,,642.999948468E-6,1.1000000,
,,,643.999956083E-6,1.1200000,
,,,644.999905489E-6,1.0799999,
,,,645.999913104E-6,1.1000000,
,,,646.999920718E-6,1.1000000,
,,,647.999928333E-6,1.1400000,
,,,648.999935947E-6,1.1600000,
,,,649.999943562E-6,1.1400000,
,,,650.999951176E-6,1.1600000,
,,,651.999958791E-6,1.1799999,
,,,652.999908198E-6,1.1799999,
,,,653.999915812E-6,1.2200000,
,,,654.999923427E-6,1.2200000,
,,,655.999931041E-6,1.2200000,
,,,656.999938656E-6,1.2400000,
,,,657.999946270E-6,1.2400000,
,,,658.999953885E-6,1.2400000,
,,,659.999903291E-6,1.2600000,
,,,660.999910906E-6,1.2800000,
,,,661.999918520E-6,1.2800000,
,,,662.999926135E-6,1.3000000,
,,,663.999933749E-6,1.3199999,
,,,664.999941364E-6,1.3000000,
,,,665.999948978E-6,1.3199999,
,,,666.999956593E-6,1.3399999,
,,,667.999906000E-6,1.3399999,
,,,668.999913614E-6,1.3399999,
,,,669.999921229E-6,1.3800000,
,,,670.999928843E-6,1.3600000,
,,,671.999936458E-6,1.3800000,
,,,672.999944072E-6,1.4000000,
,,,673.999951687E-6,1.4000000,
,,,674.999901094E-6,1.4200000,
,,,675.999908708E-6,1.4000000,
,,,676.999916323E-6,1.4200000,
,,,677.999923937E-6,1.4599999,
,,,678.999931552E-6,1.4599999,
,,,679.999939166E-6,1.4800000,
,,,680.999946781E-6,1.4800000,
,,,681.999954395E-6,1.4800000,
,,,682.999903802E-6,1.5000000,
,,,683.999911416E-6,1.5000000,
,,,684.999919031E-6,1.5200000,
,,,685.999926645E-6,1.5200000,
,,,686.999934260E-6,1.5400000,
,,,687.999941874E-6,1.5599999,
,,,688.999949489E-6,1.5599999,
,,,689.999957103E-6,1.5599999,
,,,690.999906510E-6,1.5799999,
,,,691.999914125E-6,1.5999999,
,,,692.999921739E-6,1.5999999,
,,,693.999929354E-6,1.6200000,
,,,694.999936968E-6,1.6200000,
,,,695.999944583E-6,1.6200000,
,,,696.999952197E-6,1.6600000,
,,,697.999901604E-6,1.6400000,
,,,698.999909218E-6,1.6600000,
,,,699.999916833E-6,1.6600000,
,,,700.999924447E-6,1.6799999,
,,,701.999932062E-6,1.6999999,
,,,702.999939676E-6,1.6999999,
,,,703.999947291E-6,1.6999999,
,,,704.999954905E-6,1.6999999,
,,,705.999904312E-6,1.7199999,
,,,706.999911927E-6,1.7400000,
,,,707.999919541E-6,1.7600000,
,,,708.999927156E-6,1.7600000,
,,,709.999934770E-6,1.7600000,
,,,710.999942385E-6,1.7800000,
,,,711.999949999E-6,1.8199999,
,,,712.999957614E-6,1.8000000,
,,,713.999907020E-6,1.8000000,
,,,714.999914635E-6,1.8399999,
,,,715.999922249E-6,1.8399999,
,,,716.999929864E-6,1.8399999,
,,,717.999937478E-6,1.8399999,
,,,718.999945093E-6,1.8600000,
,,,719.999952707E-6,1.8600000,
,,,720.999902114E-6,1.8800000,
,,,721.999909729E-6,1.9000000,
,,,722.999917343E-6,1.9000000,
,,,723.999924958E-6,1.9200000,
,,,724.999932572E-6,1.9200000,
,,,725.999940187E-6,1.9200000,
,,,726.999947801E-6,1.9399999,
,,,727.999955416E-6,1.9399999,
,,,728.999904823E-6,1.9399999,
,,,729.999912437E-6,1.9599999,
,,,730.999920052E-6,1.9799999,
,,,731.999927666E-6,1.9799999,
,,,732.999935281E-6,2.0000000,
,,,733.999942895E-6,2.0200000,
,,,734.999950510E-6,2.0200000,
,,,735.999958124E-6,2.0400000,
,,,736.999907531E-6,2.0200000,
,,,737.999915145E-6,2.0599999,
,,,738.999922760E-6,2.0799999,
,,,739.999930374E-6,2.0599999,
,,,740.999937989E-6,2.0999999,
,,,741.999945603E-6,2.0999999,
,,,742.999953218E-6,2.0999999,
,,,743.999902625E-6,2.1199999,
,,,744.999910239E-6,2.1199999,
,,,745.999917854E-6,2.1399999,
,,,746.999925468E-6,2.1399999,
,,,747.999933083E-6,2.1599998,
,,,748.999940697E-6,2.1599998,
,,,749.999948312E-6,2.2000000,
,,,750.999955926E-6,2.2000000,
,,,751.999905333E-6,2.2000000,
,,,752.999912947E-6,2.2200000,
,,,753.999920562E-6,2.2200000,
,,,754.999928176E-6,2.2200000,
,,,755.999935791E-6,2.2400000,
,,,756.999943405E-6,2.2400000,
,,,757.999951020E-6,2.2600000,
,,,758.999900427E-6,2.2600000,
,,,759.999908041E-6,2.2800000,
,,,760.999915656E-6,2.2800000,
,,,761.999923270E-6,2.3199999,
,,,762.999930885E-6,2.3199999,
,,,763.999938499E-6,2.3399999,
,,,764.999946114E-6,2.3399999,
,,,765.999953728E-6,2.3399999,
,,,766.999903135E-6,2.3599999,
,,,767.999910749E-6,2.3599999,
,,,768.999918364E-6,2.3799999,
,,,769.999925978E-6,2.3799999,
,,,770.999933593E-6,2.3799999,
,,,771.999941207E-6,2.3999999,
,,,772.999948822E-6,2.4199998,
,,,773.999956436E-6,2.4199998,
,,,774.999905843E-6,2.4199998,
,,,775.999913458E-6,2.4400001,
,,,776.999921072E-6,2.4600000,
,,,777.999928687E-6,2.4800000,
,,,778.999936301E-6,2.4800000,
,,,779.999943916E-6,2.4800000,
,,,780.999951530E-6,2.4800000,
,,,781.999900937E-6,2.5000000,
,,,782.999908552E-6,2.5200000,
,,,783.999916166E-6,2.5400000,
,,,784.999923781E-6,2.5200000,
,,,785.999931395E-6,2.5400000,
,,,786.999939010E-6,2.5400000,
,,,787.999946624E-6,2.5599999,
,,,788.999954239E-6,2.5799999,
,,,789.999903645E-6,2.5599999,
,,,790.999911260E-6,2.5799999,
,,,791.999918874E-6,2.5999999,
,,,792.999926489E-6,2.6199999,
,,,793.999934103E-6,2.6199999,
,,,794.999941718E-6,2.6199999,
,,,795.999949332E-6,2.6399999,
,,,796.999956947E-6,2.6599998,
,,,797.999906354E-6,2.6599998,
,,,798.999913968E-6,2.6799998,
,,,799.999921583E-6,2.6799998,
,,,800.999929197E-6,2.6799998,
,,,801.999936812E-6,2.72000003,
,,,802.999944426E-6,2.7000000,
,,,803.999952041E-6,2.72000003,
,,,804.999901447E-6,2.74000001,
,,,805.999909062E-6,2.74000001,
,,,806.999916676E-6,2.74000001,
,,,807.999924291E-6,2.77999997,
,,,808.999931905E-6,2.75999999,
,,,809.999939520E-6,2.77999997,
,,,810.999947134E-6,2.77999997,
,,,811.999954749E-6,2.79999995,
,,,812.999904156E-6,2.79999995,
,,,813.999911770E-6,2.79999995,
,,,814.999919385E-6,2.79999995,
,,,815.999926999E-6,2.79999995,
,,,816.999934614E-6,2.75999999,
,,,817.999942228E-6,2.75999999,
,,,818.999949843E-6,2.75999999,
,,,819.999957457E-6,2.74000001,
,,,820.999906864E-6,2.72000003,
,,,821.999914479E-6,2.72000003,
,,,822.999922093E-6,2.7000000,
,,,823.999929707E-6,2.7000000,
,,,824.999937322E-6,2.6799998,
,,,825.999944936E-6,2.6799998,
,,,826.999952551E-6,2.6599998,
,,,827.999901958E-6,2.6599998,
,,,828.999909572E-6,2.6599998,
,,,829.999917187E-6,2.6399999,
,,,830.999924801E-6,2.6199999,
,,,831.999932416E-6,2.6199999,
,,,832.999940030E-6,2.5999999,
,,,833.999947645E-6,2.5999999,
,,,834.999955259E-6,2.5999999,
,,,835.999904666E-6,2.5799999,
,,,836.999912281E-6,2.5799999,
,,,837.999919895E-6,2.5599999,
,,,838.999927510E-6,2.5400000,
,,,839.999935124E-6,2.5400000,
,,,840.999942739E-6,2.5400000,
,,,841.999950353E-6,2.5200000,
,,,842.999957968E-6,2.5400000,
,,,843.999907374E-6,2.5000000,
,,,844.999914989E-6,2.4800000,
,,,845.999922603E-6,2.4800000,
,,,846.999930218E-6,2.4800000,
,,,847.999937832E-6,2.4600000,
,,,848.999945447E-6,2.4600000,
,,,849.999953061E-6,2.4600000,
,,,850.999902468E-6,2.4400001,
,,,851.999910083E-6,2.4199998,
,,,852.999917697E-6,2.4199998,
,,,853.999925312E-6,2.3999999,
,,,854.999932926E-6,2.3999999,
,,,855.999940541E-6,2.3799999,
,,,856.999948155E-6,2.3599999,
,,,857.999955770E-6,2.3399999,
,,,858.999905176E-6,2.3399999,
,,,859.999912791E-6,2.3399999,
,,,860.999920405E-6,2.3199999,
,,,861.999928020E-6,2.3199999,
,,,862.999935634E-6,2.3000000,
,,,863.999943249E-6,2.3000000,
,,,864.999950863E-6,2.3000000,
,,,865.999900270E-6,2.2800000,
,,,866.999907885E-6,2.2800000,
,,,867.999915499E-6,2.2600000,
,,,868.999923114E-6,2.2600000,
,,,869.999930728E-6,2.2400000,
,,,870.999938343E-6,2.2400000,
,,,871.999945957E-6,2.2200000,
,,,872.999953572E-6,2.2000000,
,,,873.999902979E-6,2.2200000,
,,,874.999910593E-6,2.2000000,
,,,875.999918208E-6,2.1800001,
,,,876.999925822E-6,2.1599998,
,,,877.999933437E-6,2.1599998,
,,,878.999941051E-6,2.1399999,
,,,879.999948665E-6,2.1399999,
,,,880.999956280E-6,2.1199999,
,,,881.999905687E-6,2.1199999,
,,,882.999913301E-6,2.1199999,
,,,883.999920916E-6,2.0799999,
,,,884.999928530E-6,2.0799999,
,,,885.999936145E-6,2.0599999,
,,,886.999943759E-6,2.0599999,
,,,887.999951374E-6,2.0599999,
,,,888.999900781E-6,2.0400000,
,,,889.999908395E-6,2.0400000,
,,,890.999916010E-6,2.0200000,
,,,891.999923624E-6,2.0000000,
,,,892.999931239E-6,2.0000000,
,,,893.999938853E-6,2.0000000,
,,,894.999946468E-6,1.9799999,
,,,895.999954082E-6,1.9799999,
,,,896.999903489E-6,1.9599999,
,,,897.999911103E-6,1.9399999,
,,,898.999918718E-6,1.9399999,
,,,899.999926332E-6,1.9200000,
,,,900.999933947E-6,1.9200000,
,,,901.999941561E-6,1.9000000,
,,,902.999949176E-6,1.9000000,
,,,903.999956790E-6,1.8800000,
,,,904.999906197E-6,1.8800000,
,,,905.999913812E-6,1.8800000,
,,,906.999921426E-6,1.8600000,
,,,907.999929041E-6,1.8600000,
,,,908.999936655E-6,1.8399999,
,,,909.999944270E-6,1.8399999,
,,,910.999951884E-6,1.8199999,
,,,911.999901291E-6,1.8199999,
,,,912.999908905E-6,1.8000000,
,,,913.999916520E-6,1.7800000,
,,,914.999924134E-6,1.7600000,
,,,915.999931749E-6,1.7600000,
,,,916.999939363E-6,1.7600000,
,,,917.999946978E-6,1.7600000,
,,,918.999954592E-6,1.7400000,
,,,919.999903999E-6,1.7199999,
,,,920.999911614E-6,1.7199999,
,,,921.999919228E-6,1.6999999,
,,,922.999926843E-6,1.6999999,
,,,923.999934457E-6,1.6799999,
,,,924.999942072E-6,1.6799999,
,,,925.999949686E-6,1.6600000,
,,,926.999957301E-6,1.6400000,
,,,927.999906708E-6,1.6400000,
,,,928.999914322E-6,1.6200000,
,,,929.999921937E-6,1.6200000,
,,,930.999929551E-6,1.5999999,
,,,931.999937166E-6,1.5999999,
,,,932.999944780E-6,1.5999999,
,,,933.999952395E-6,1.5999999,
,,,934.999901801E-6,1.5799999,
,,,935.999909416E-6,1.5599999,
,,,936.999917030E-6,1.5599999,
,,,937.999924645E-6,1.5400000,
,,,938.999932259E-6,1.5200000,
,,,939.999939874E-6,1.5400000,
,,,940.999947488E-6,1.5200000,
,,,941.999955103E-6,1.4800000,
,,,942.999904510E-6,1.5000000,
,,,943.999912124E-6,1.4599999,
,,,944.999919739E-6,1.4800000,
,,,945.999927353E-6,1.4599999,
,,,946.999934968E-6,1.4399999,
,,,947.999942582E-6,1.4399999,
,,,948.999950197E-6,1.4200000,
,,,949.999957811E-6,1.4200000,
,,,950.999907218E-6,1.4000000,
,,,951.999914832E-6,1.4000000,
,,,952.999922447E-6,1.3800000,
,,,953.999930061E-6,1.3800000,
,,,954.999937676E-6,1.3800000,
,,,955.999945290E-6,1.3600000,
,,,956.999952905E-6,1.3600000,
,,,957.999902312E-6,1.3399999,
,,,958.999909926E-6,1.3399999,
,,,959.999917541E-6,1.3199999,
,,,960.999925155E-6,1.3000000,
,,,961.999932770E-6,1.3000000,
,,,962.999940384E-6,1.2800000,
,,,963.999947999E-6,1.2600000,
,,,964.999955613E-6,1.2800000,
,,,965.999905020E-6,1.2600000,
,,,966.999912634E-6,1.2400000,
,,,967.999920249E-6,1.2400000,
,,,968.999927863E-6,1.2400000,
,,,969.999935478E-6,1.2200000,
,,,970.999943092E-6,1.2200000,
,,,971.999950707E-6,1.1999999,
,,,972.999900114E-6,1.1799999,
,,,973.999907728E-6,1.1799999,
,,,974.999915343E-6,1.1799999,
,,,975.999922957E-6,1.1400000,
,,,976.999872364E-6,1.1600000,
,,,977.999879979E-6,1.1400000,
,,,978.999887593E-6,1.1400000,
,,,979.999895208E-6,1.1200000,
,,,980.999902822E-6,1.1000000,
,,,981.999910437E-6,1.1000000,
,,,982.999918051E-6,1.0799999,
,,,983.999925666E-6,1.0799999,
,,,984.999933280E-6,1.0599999,
,,,985.999940895E-6,1.0799999,
,,,986.999948509E-6,1.0400000,
,,,987.999956124E-6,1.0400000,
,,,988.999963738E-6,1.0200000,
,,,989.999971353E-6,1.0200000,
,,,990.999978967E-6,1.000000,
,,,991.999986582E-6,979.999959469E-3,
,,,992.999877781E-6,979.999959469E-3,
,,,993.999885395E-6,979.999959469E-3,
,,,994.999893010E-6,959.999978542E-3,
,,,995.999900624E-6,959.999978542E-3,
,,,996.999908239E-6,939.999997616E-3,
,,,997.999915853E-6,939.999997616E-3,
,,,998.999923468E-6,919.999957085E-3,
,,,999.999931082E-6,919.999957085E-3,
,,,1.0009999E-3,899.999976158E-3,
,,,1.0019999E-3,899.999976158E-3,
,,,1.0030000E-3,899.999976158E-3,
,,,1.0040000E-3,879.999995232E-3,
,,,1.0050000E-3,859.999954700E-3,
,,,1.0060000E-3,859.999954700E-3,
,,,1.0070000E-3,839.999973774E-3,
,,,1.0079999E-3,839.999973774E-3,
,,,1.0089999E-3,819.999992847E-3,
,,,1.0099999E-3,819.999992847E-3,
,,,1.0109999E-3,779.999971390E-3,
,,,1.0119999E-3,779.999971390E-3,
,,,1.0129999E-3,779.999971390E-3,
,,,1.0139999E-3,759.999990463E-3,
,,,1.0149999E-3,759.999990463E-3,
,,,1.0159999E-3,740.000009537E-3,
,,,1.0169999E-3,740.000009537E-3,
,,,1.0180000E-3,740.000009537E-3,
,,,1.0190000E-3,719.999969006E-3,
,,,1.0200000E-3,699.999988079E-3,
,,,1.0210000E-3,699.999988079E-3,
,,,1.0220000E-3,699.999988079E-3,
,,,1.0229999E-3,659.999966621E-3,
,,,1.0239999E-3,659.999966621E-3,
,,,1.0249999E-3,680.000007153E-3,
,,,1.0259999E-3,639.999985695E-3,
,,,1.0269999E-3,639.999985695E-3,
,,,1.0279999E-3,620.000004768E-3,
,,,1.0289999E-3,599.999964237E-3,
,,,1.0299999E-3,620.000004768E-3,
,,,1.0309999E-3,599.999964237E-3,
,,,1.0319999E-3,599.999964237E-3,
,,,1.0329999E-3,579.999983311E-3,
,,,1.0340000E-3,560.000002384E-3,
,,,1.0350000E-3,560.000002384E-3,
,,,1.0360000E-3,560.000002384E-3,
,,,1.0370000E-3,539.999961853E-3,
,,,1.0379999E-3,519.999980927E-3,
,,,1.0389999E-3,500.000000000E-3,
,,,1.0399999E-3,500.000000000E-3,
,,,1.0409999E-3,500.000000000E-3,
,,,1.0419999E-3,479.999989271E-3,
,,,1.0429999E-3,479.999989271E-3,
,,,1.0439999E-3,459.999978542E-3,
,,,1.0449999E-3,459.999978542E-3,
,,,1.0459999E-3,419.999986887E-3,
,,,1.0469999E-3,439.999997616E-3,
,,,1.0479999E-3,439.999997616E-3,
,,,1.0490000E-3,419.999986887E-3,
,,,1.0500000E-3,399.99997616E-3,
,,,1.0510000E-3,379.99999523E-3,
,,,1.0520000E-3,399.99997616E-3,
,,,1.0530000E-3,359.99998450E-3,
,,,1.0539999E-3,359.99998450E-3,
,,,1.0549999E-3,340.00000358E-3,
,,,1.0559999E-3,359.99998450E-3,
,,,1.0569999E-3,319.99999285E-3,
,,,1.0579999E-3,340.00000358E-3,
,,,1.0589999E-3,299.99998212E-3,
,,,1.0599999E-3,319.99999285E-3,
,,,1.0609999E-3,280.00000119E-3,
,,,1.0619999E-3,280.00000119E-3,
,,,1.0629999E-3,280.00000119E-3,
,,,1.0640000E-3,299.99998212E-3,
,,,1.0650000E-3,280.00000119E-3,
,,,1.0660000E-3,319.99999285E-3,
,,,1.0670000E-3,319.99999285E-3,
,,,1.0680000E-3,319.99999285E-3,
,,,1.0689999E-3,340.00000358E-3,
,,,1.0699999E-3,359.99998450E-3,
,,,1.0709999E-3,359.99998450E-3,
,,,1.0719999E-3,359.99998450E-3,
,,,1.0729999E-3,399.99997616E-3,
,,,1.0739999E-3,379.99999523E-3,
,,,1.0749999E-3,399.99997616E-3,
,,,1.0759999E-3,399.99997616E-3,
,,,1.0769999E-3,419.999986887E-3,
,,,1.0779999E-3,439.999997616E-3,
,,,1.0790000E-3,439.999997616E-3,
,,,1.0800000E-3,459.999978542E-3,
,,,1.0810000E-3,459.999978542E-3,
,,,1.0820000E-3,459.999978542E-3,
,,,1.0830000E-3,459.999978542E-3,
,,,1.0839999E-3,479.999989271E-3,
,,,1.0849999E-3,500.000000000E-3,
,,,1.0859999E-3,500.000000000E-3,
,,,1.0869999E-3,519.999980927E-3,
,,,1.0879999E-3,539.999961853E-3,
,,,1.0889999E-3,560.000002384E-3,
,,,1.0899999E-3,539.999961853E-3,
,,,1.0909999E-3,579.999983311E-3,
,,,1.0919999E-3,560.000002384E-3,
,,,1.0929999E-3,579.999983311E-3,
,,,1.0939999E-3,579.999983311E-3,
,,,1.0950000E-3,599.999964237E-3,
,,,1.0960000E-3,599.999964237E-3,
,,,1.0970000E-3,620.000004768E-3,
,,,1.0980000E-3,639.999985695E-3,
,,,1.0990000E-3,639.999985695E-3,
,,,1.0999999E-3,659.999966621E-3,
,,,1.1009999E-3,659.999966621E-3,
,,,1.1019999E-3,659.999966621E-3,
,,,1.1029999E-3,680.000007153E-3,
,,,1.1039999E-3,680.000007153E-3,
,,,1.1049999E-3,699.999988079E-3,
,,,1.1059999E-3,719.999969006E-3,
,,,1.1069999E-3,719.999969006E-3,
,,,1.1079999E-3,740.000009537E-3,
,,,1.1089999E-3,759.999990463E-3,
,,,1.1100000E-3,759.999990463E-3,
,,,1.1110000E-3,759.999990463E-3,
,,,1.1120000E-3,759.999990463E-3,
,,,1.1130000E-3,779.999971390E-3,
,,,1.1140000E-3,779.999971390E-3,
,,,1.1149999E-3,799.999952316E-3,
,,,1.1159999E-3,819.999992847E-3,
,,,1.1169999E-3,839.999973774E-3,
,,,1.1179999E-3,839.999973774E-3,
,,,1.1189999E-3,839.999973774E-3,
,,,1.1199999E-3,859.999954700E-3,
,,,1.1209999E-3,839.999973774E-3,
,,,1.1219999E-3,859.999954700E-3,
,,,1.1229999E-3,879.999995232E-3,
,,,1.1239999E-3,879.999995232E-3,
,,,1.1250000E-3,899.999976158E-3,
,,,1.1260000E-3,919.999957085E-3,
,,,1.1270000E-3,919.999957085E-3,
,,,1.1280000E-3,939.999997616E-3,
,,,1.1290000E-3,959.999978542E-3,
,,,1.1299999E-3,959.999978542E-3,
,,,1.1309999E-3,979.999959469E-3,
,,,1.1319999E-3,959.999978542E-3,
,,,1.1329999E-3,979.999959469E-3,
,,,1.1339999E-3,1.000000,
,,,1.1349999E-3,1.000000,
,,,1.1359999E-3,1.0200000,
,,,1.1369999E-3,1.0400000,
,,,1.1379999E-3,1.0400000,
,,,1.1389999E-3,1.0400000,
,,,1.1399999E-3,1.0400000,
,,,1.1410000E-3,1.0400000,
,,,1.1420000E-3,1.0599999,
,,,1.1430000E-3,1.0799999,
,,,1.1440000E-3,1.1000000,
,,,1.1449999E-3,1.1000000,
,,,1.1459999E-3,1.1000000,
,,,1.1469999E-3,1.1200000,
,,,1.1479999E-3,1.1600000,
,,,1.1489999E-3,1.1600000,
,,,1.1499999E-3,1.1600000,
,,,1.1509999E-3,1.1799999,
,,,1.1519999E-3,1.1799999,
,,,1.1529999E-3,1.1799999,
,,,1.1539999E-3,1.1999999,
,,,1.1549999E-3,1.2200000,
,,,1.1560000E-3,1.2200000,
,,,1.1570000E-3,1.2200000,
,,,1.1580000E-3,1.2400000,
,,,1.1590000E-3,1.2600000,
,,,1.1600000E-3,1.2600000,
,,,1.1609999E-3,1.2600000,
,,,1.1619999E-3,1.3000000,
,,,1.1629999E-3,1.3000000,
,,,1.1639999E-3,1.3000000,
,,,1.1649999E-3,1.3000000,
,,,1.1659999E-3,1.3199999,
,,,1.1669999E-3,1.3600000,
,,,1.1679999E-3,1.3600000,
,,,1.1689999E-3,1.3399999,
,,,1.1699999E-3,1.3600000,
,,,1.1710000E-3,1.3800000,
,,,1.1720000E-3,1.3800000,
,,,1.1730000E-3,1.3800000,
,,,1.1740000E-3,1.4200000,
,,,1.1750000E-3,1.4000000,
,,,1.1759999E-3,1.4399999,
,,,1.1769999E-3,1.4200000,
,,,1.1779999E-3,1.4599999,
,,,1.1789999E-3,1.4399999,
,,,1.1799999E-3,1.4599999,
,,,1.1809999E-3,1.4800000,
,,,1.1819999E-3,1.4800000,
,,,1.1829999E-3,1.4800000,
,,,1.1839999E-3,1.5000000,
,,,1.1849999E-3,1.5200000,
,,,1.1860000E-3,1.5400000,
,,,1.1870000E-3,1.5400000,
,,,1.1880000E-3,1.5400000,
,,,1.1890000E-3,1.5599999,
,,,1.1900000E-3,1.5599999,
,,,1.1909999E-3,1.5799999,
,,,1.1919999E-3,1.5799999,
,,,1.1929999E-3,1.5799999,
,,,1.1939999E-3,1.5999999,
,,,1.1949999E-3,1.5999999,
,,,1.1959999E-3,1.6200000,
,,,1.1969999E-3,1.6400000,
,,,1.1979999E-3,1.6400000,
,,,1.1989999E-3,1.6400000,
,,,1.1999999E-3,1.6600000,
,,,1.2009999E-3,1.6600000,
,,,1.2020000E-3,1.6799999,
,,,1.2030000E-3,1.6999999,
,,,1.2040000E-3,1.6799999,
,,,1.2050000E-3,1.7199999,
,,,1.2060000E-3,1.7400000,
,,,1.2069999E-3,1.7199999,
,,,1.2079999E-3,1.7600000,
,,,1.2089999E-3,1.7600000,
,,,1.2099999E-3,1.7800000,
,,,1.2109999E-3,1.7800000,
,,,1.2119999E-3,1.8000000,
,,,1.2129999E-3,1.8000000,
,,,1.2139999E-3,1.8199999,
,,,1.2149999E-3,1.8199999,
,,,1.2159999E-3,1.8199999,
,,,1.2170000E-3,1.8399999,
,,,1.2180000E-3,1.8399999,
,,,1.2190000E-3,1.8399999,
,,,1.2200000E-3,1.8800000,
,,,1.2210000E-3,1.8800000,
,,,1.2219999E-3,1.8800000,
,,,1.2229999E-3,1.8800000,
,,,1.2239999E-3,1.9200000,
,,,1.2249999E-3,1.9200000,
,,,1.2259999E-3,1.9399999,
,,,1.2269999E-3,1.9399999,
,,,1.2279999E-3,1.9599999,
,,,1.2289999E-3,1.9799999,
,,,1.2299999E-3,1.9799999,
,,,1.2309999E-3,1.9799999,
,,,1.2320000E-3,2.0000000,
,,,1.2330000E-3,2.0000000,
,,,1.2340000E-3,2.0200000,
,,,1.2350000E-3,2.0400000,
,,,1.2360000E-3,2.0200000,
,,,1.2369999E-3,2.0400000,
,,,1.2379999E-3,2.0400000,
,,,1.2389999E-3,2.0799999,
,,,1.2399999E-3,2.0599999,
,,,1.2409999E-3,2.0799999,
,,,1.2419999E-3,2.0999999,
,,,1.2429999E-3,2.0999999,
,,,1.2439999E-3,2.0999999,
,,,1.2449999E-3,2.1199999,
,,,1.2459999E-3,2.1399999,
,,,1.2469999E-3,2.1399999,
,,,1.2480000E-3,2.1599998,
,,,1.2490000E-3,2.1599998,
,,,1.2500000E-3,2.1800001,
,,,1.2510000E-3,2.1800001,
,,,1.2519999E-3,2.2000000,
,,,1.2529999E-3,2.2000000,
,,,1.2539999E-3,2.2200000,
,,,1.2549999E-3,2.2200000,
,,,1.2559999E-3,2.2400000,
,,,1.2569999E-3,2.2600000,
,,,1.2579999E-3,2.2600000,
,,,1.2589999E-3,2.2800000,
,,,1.2599999E-3,2.2800000,
,,,1.2609999E-3,2.3000000,
,,,1.2619999E-3,2.3000000,
,,,1.2630000E-3,2.3199999,
,,,1.2640000E-3,2.3199999,
,,,1.2650000E-3,2.3399999,
,,,1.2660000E-3,2.3399999,
,,,1.2670000E-3,2.3399999,
,,,1.2679999E-3,2.3599999,
,,,1.2689999E-3,2.3599999,
,,,1.2699999E-3,2.3799999,
,,,1.2709999E-3,2.3999999,
,,,1.2719999E-3,2.3999999,
,,,1.2729999E-3,2.4199998,
,,,1.2739999E-3,2.4199998,
,,,1.2749999E-3,2.4199998,
,,,1.2759999E-3,2.4199998,
,,,1.2769999E-3,2.4400001,
,,,1.2780000E-3,2.4600000,
,,,1.2790000E-3,2.4600000,
,,,1.2800000E-3,2.4800000,
,,,1.2810000E-3,2.5000000,
,,,1.2820000E-3,2.5000000,
,,,1.2829999E-3,2.5200000,
,,,1.2839999E-3,2.5200000,
,,,1.2849999E-3,2.5200000,
,,,1.2859999E-3,2.5400000,
,,,1.2869999E-3,2.5599999,
,,,1.2879999E-3,2.5599999,
,,,1.2889999E-3,2.5599999,
,,,1.2899999E-3,2.5799999,
,,,1.2909999E-3,2.5799999,
,,,1.2919999E-3,2.5999999,
,,,1.2930000E-3,2.5999999,
,,,1.2940000E-3,2.6199999,
,,,1.2950000E-3,2.6199999,
,,,1.2960000E-3,2.6199999,
,,,1.2970000E-3,2.6599998,
,,,1.2979999E-3,2.6599998,
,,,1.2989999E-3,2.6599998,
,,,1.2999999E-3,2.6799998,
,,,1.3009999E-3,2.7000000,
,,,1.3019999E-3,2.6799998,
,,,1.3029999E-3,2.72000003,
,,,1.3039999E-3,2.72000003,
,,,1.3049999E-3,2.74000001,
,,,1.3059999E-3,2.75999999,
,,,1.3069999E-3,2.77999997,
,,,1.3079999E-3,2.75999999,
,,,1.3090000E-3,2.77999997,
,,,1.3100000E-3,2.79999995,
,,,1.3110000E-3,2.79999995,
,,,1.3120000E-3,2.81999993,
,,,1.3130000E-3,2.79999995,
,,,1.3139999E-3,2.79999995,
,,,1.3149999E-3,2.79999995,
,,,1.3159999E-3,2.79999995,
,,,1.3169999E-3,2.75999999,
,,,1.3179999E-3,2.74000001,
,,,1.3189999E-3,2.75999999,
,,,1.3199999E-3,2.72000003,
,,,1.3209999E-3,2.74000001,
,,,1.3219999E-3,2.72000003,
,,,1.3229999E-3,2.72000003,
,,,1.3240000E-3,2.7000000,
,,,1.3250000E-3,2.6799998,
,,,1.3260000E-3,2.6799998,
,,,1.3270000E-3,2.6599998,
,,,1.3280000E-3,2.6599998,
,,,1.3289999E-3,2.6399999,
,,,1.3299999E-3,2.6599998,
,,,1.3309999E-3,2.6399999,
,,,1.3319999E-3,2.6199999,
,,,1.3329999E-3,2.6199999,
,,,1.3339999E-3,2.5999999,
,,,1.3349999E-3,2.5799999,
,,,1.3359999E-3,2.5799999,
,,,1.3369999E-3,2.5599999,
,,,1.3379999E-3,2.5599999,
,,,1.3390000E-3,2.5400000,
,,,1.3400000E-3,2.5400000,
,,,1.3410000E-3,2.5400000,
,,,1.3420000E-3,2.5200000,
,,,1.3430000E-3,2.5000000,
,,,1.3439999E-3,2.5000000,
,,,1.3449999E-3,2.4800000,
,,,1.3459999E-3,2.4800000,
,,,1.3469999E-3,2.4800000,
,,,1.3479999E-3,2.4600000,
,,,1.3489999E-3,2.4400001,
,,,1.3499999E-3,2.4400001,
,,,1.3509999E-3,2.4400001,
,,,1.3519999E-3,2.4199998,
,,,1.3529999E-3,2.3999999,
,,,1.3539999E-3,2.3999999,
,,,1.3550000E-3,2.3799999,
,,,1.3560000E-3,2.3599999,
,,,1.3570000E-3,2.3599999,
,,,1.3580000E-3,2.3399999,
,,,1.3589999E-3,2.3799999,
